GCF_000162115.1,None,None,1207,None
GCF_000175675.1,None,None,1207,None
GCF_000046845.1,None,None,1185,None
GCF_000163395.2,848,IC2,2,IC2
GCF_000162375.2,1036,None,71,None
GCF_000184495.1,355,None,16,None
GCF_000186665.3,942,None,267,None
GCF_000177715.1,None,None,20,IC1
GCF_000018445.1,437,IC2,2,IC2
GCF_000189655.1,218,IC2,2,IC2
GCF_000177735.1,1840,None,1,IC1
GCF_000173395.1,128,None,49,None
GCF_000162035.1,1042,None,92,None
GCF_000177695.1,1840,None,1,IC1
GCF_000187205.2,1837,IC2,2,IC2
GCF_000069245.1,1604,IC1,1,IC1
GCF_000188215.1,423,IC2,2,IC2
GCF_000021245.2,207,IC1,1,IC1
GCF_000186645.1,None,None,2,IC2
GCF_000163375.2,372,None,81,IC1
GCF_000162295.1,931,None,52,None
GCF_000163355.2,498,IC1,81,IC1
GCF_000021145.1,1604,IC1,1,IC1
GCF_000184475.1,1838,IC2,2,IC2
GCF_000163635.1,1030,None,93,None
GCF_000189695.1,1961,IC6,78,IC6
GCF_000191145.1,1527,None,1164,None
GCF_000189675.1,1836,IC2,2,IC2
GCF_000215005.1,472,None,32,IC3
GCF_000222225.1,281,IC2,2,IC2
GCF_000214985.1,928,IC3,3,IC3
GCF_000196795.1,None,None,560,None
GCF_000222245.1,348,IC2,2,IC2
GCF_000222285.1,281,IC2,2,IC2
GCF_000222265.1,353,IC2,415,IC2
GCF_000278605.1,848,IC2,2,IC2
GCF_000226275.1,643,IC2,2,IC2
GCF_000278685.1,208,IC2,2,IC2
GCF_000241725.1,None,None,2,IC2
GCF_000248275.1,None,None,2,IC2
GCF_000230465.1,None,None,63,None
GCF_000278625.1,106,IC3,3,IC3
GCF_000278645.1,106,IC3,3,IC3
GCF_000286535.1,928,IC3,3,IC3
GCF_000241705.1,229,IC7,25,IC7
GCF_000278665.1,691,None,25,IC7
GCF_000248295.1,None,None,1318,None
GCF_000286595.1,None,None,1207,None
GCF_000297515.1,2069,IC2,414,IC2
GCF_000292545.1,184,None,218,IC2
GCF_000297535.1,460,None,136,IC2
GCF_000297935.1,None,None,419,None
GCF_000286615.1,947,None,1,IC1
GCF_000297955.1,1839,IC2,2,IC2
GCF_000297915.1,1806,IC2,2,IC2
GCF_000297575.1,860,None,513,None
GCF_000297595.1,1677,IC1,1,IC1
GCF_000299675.1,1962,IC2,2,IC2
GCF_000299655.1,368,IC2,2,IC2
GCF_000300635.1,1066,None,71,None
GCF_000301195.1,356,None,417,None
GCF_000301175.1,1806,IC2,2,IC2
GCF_000301215.1,1806,IC2,2,IC2
GCF_000301255.1,873,None,113,None
GCF_000301315.1,None,None,415,IC2
GCF_000301235.1,873,None,113,None
GCF_000301295.1,613,None,241,None
GCF_000301275.1,1806,IC2,2,IC2
GCF_000301415.1,356,None,417,None
GCF_000301395.1,208,IC2,2,IC2
GCF_000301335.1,229,IC7,25,IC7
GCF_000301435.1,207,IC1,1,IC1
GCF_000301375.1,208,IC2,2,IC2
GCF_000301355.1,354,None,416,None
GCF_000301455.1,None,None,2,IC2
GCF_000301475.1,None,None,2,IC2
GCF_000301495.1,1806,IC2,2,IC2
GCF_000301595.1,1806,IC2,2,IC2
GCF_000301575.1,208,IC2,2,IC2
GCF_000301515.1,310,None,406,None
GCF_000301795.1,None,None,1207,None
GCF_000301535.1,1800,None,406,None
GCF_000301615.1,208,IC2,2,IC2
GCF_000301695.1,None,None,501,None
GCF_000301635.1,1923,None,119,None
GCF_000301655.1,None,None,2,IC2
GCF_000301555.1,310,None,406,None
GCF_000301775.1,None,None,74,None
GCF_000302055.1,423,IC2,2,IC2
GCF_000301895.1,613,None,241,None
GCF_000301915.1,349,None,2,IC2
GCF_000301875.1,936,None,429,None
GCF_000301855.1,935,None,422,IC5
GCF_000301835.1,941,None,413,None
GCF_000302015.1,1806,IC2,2,IC2
GCF_000301995.1,356,None,417,None
GCF_000301935.1,354,None,416,None
GCF_000301975.1,356,None,417,None
GCF_000301955.1,None,None,415,IC2
GCF_000302035.1,207,IC1,1,IC1
GCF_000302075.1,1806,IC2,2,IC2
GCF_000302095.1,1806,IC2,2,IC2
GCF_000302115.1,None,None,1185,None
GCF_000302255.1,934,None,422,IC5
GCF_000302175.1,1800,None,406,None
GCF_000302155.1,356,None,417,None
GCF_000302135.1,931,None,438,None
GCF_000302295.1,None,None,60,None
GCF_000302195.1,208,IC2,2,IC2
GCF_000302235.1,613,None,241,None
GCF_000302215.1,208,IC2,2,IC2
GCF_000302275.1,231,IC1,1,IC1
GCF_000308075.1,None,None,1207,None
GCF_000302395.1,1923,None,119,None
GCF_000305215.1,231,IC1,19,IC1
GCF_000302575.1,455,IC2,2,IC2
GCF_000304695.1,1677,IC1,1,IC1
GCF_000302435.1,1638,None,119,None
GCF_000304675.1,1025,None,405,None
GCF_000304655.1,945,None,1,IC1
GCF_000305295.1,928,IC3,3,IC3
GCF_000305235.1,391,IC8,10,IC8
GCF_000305255.1,848,IC2,2,IC2
GCF_000305275.1,635,None,515,None
GCF_000307895.1,937,None,412,None
GCF_000305315.1,449,IC1,20,IC1
GCF_000309015.1,1040,None,62,None
GCF_000308995.1,208,IC2,2,IC2
GCF_000309095.1,823,None,32,IC3
GCF_000309235.1,683,None,403,None
GCF_000309155.1,128,None,49,None
GCF_000309215.1,928,IC3,3,IC3
GCF_000309175.1,281,IC2,2,IC2
GCF_000309135.1,472,None,32,IC3
GCF_000309255.1,1772,None,428,None
GCF_000309195.1,None,None,19,IC1
GCF_000309115.1,460,None,136,IC2
GCF_000313935.1,None,None,432,None
GCF_000309275.1,947,None,1,IC1
GCF_000314595.1,1066,None,410,None
GCF_000314635.1,932,None,412,None
GCF_000314655.1,1806,IC2,2,IC2
GCF_000332855.1,1806,IC2,2,IC2
GCF_000333715.1,281,IC2,2,IC2
GCF_000333735.1,1839,IC2,None,None
GCF_000335535.1,1005,None,155,None
GCF_000335615.1,1015,None,431,None
GCF_000335595.1,499,None,158,None
GCF_000335635.1,1028,None,665,None
GCF_000315155.1,1037,None,64,None
GCF_000335575.1,1033,None,224,None
GCF_000335655.1,None,None,2,IC2
GCF_000335675.1,281,IC2,2,IC2
GCF_000341985.1,931,None,52,None
GCF_000341835.1,2009,None,70,None
GCF_000338835.1,940,None,255,None
GCF_000342085.1,1016,None,516,None
GCF_000342065.1,1806,IC2,2,IC2
GCF_000354015.1,1604,IC1,1,IC1
GCF_000353795.1,348,IC2,2,IC2
GCF_000353975.1,231,IC1,None,None
GCF_000354035.1,348,IC2,2,IC2
GCF_000353915.1,1839,IC2,2,IC2
GCF_000353855.1,348,IC2,2,IC2
GCF_000353815.1,348,IC2,2,IC2
GCF_000353895.1,348,IC2,2,IC2
GCF_000353775.1,231,IC1,1,IC1
GCF_000354055.1,348,IC2,2,IC2
GCF_000354075.1,348,IC2,2,IC2
GCF_000354115.1,281,IC2,2,IC2
GCF_000354095.1,348,IC2,2,IC2
GCF_000367885.1,None,None,2,IC2
GCF_000367865.1,1041,None,484,None
GCF_000354135.1,348,IC2,2,IC2
GCF_000354155.1,348,IC2,2,IC2
GCF_000359725.1,1806,IC2,2,IC2
GCF_000368085.1,1035,None,76,None
GCF_000368065.1,1039,None,91,None
GCF_000368105.1,106,IC3,3,IC3
GCF_000368125.1,1836,IC2,47,IC2
GCF_000368185.1,276,None,25,IC7
GCF_000368205.1,953,None,12,None
GCF_000368245.1,950,None,15,IC4
GCF_000368225.1,208,IC2,2,IC2
GCF_000368605.1,948,None,410,None
GCF_000368525.1,994,None,9,None
GCF_000368545.1,432,None,34,None
GCF_000368405.1,1045,None,88,None
GCF_000368725.1,None,None,1401,None
GCF_000368885.1,None,None,1207,None
GCF_000368905.1,None,None,1207,None
GCF_000368945.1,1043,None,539,None
GCF_000369025.1,1038,None,640,None
GCF_000368965.1,1040,None,62,None
GCF_000368925.1,None,None,1318,None
GCF_000369045.1,1037,None,63,None
GCF_000369165.1,999,None,38,None
GCF_000369185.1,1604,IC1,1,IC1
GCF_000369225.1,1002,None,11,None
GCF_000369205.1,447,IC8,10,IC8
GCF_000369245.1,373,None,40,None
GCF_000369285.1,350,IC2,2,IC2
GCF_000369345.1,None,None,37,None
GCF_000369265.1,1004,None,35,None
GCF_000369305.1,296,None,36,None
GCF_000369365.1,441,IC1,1,IC1
GCF_000369325.1,1604,IC1,1,IC1
GCF_000369385.1,931,None,52,None
GCF_000369605.1,None,None,1316,None
GCF_000369645.1,None,None,69,None
GCF_000369825.1,1044,None,538,None
GCF_000400715.1,None,None,66,None
GCF_000399665.1,None,None,556,None
GCF_000413935.1,None,None,198,None
GCF_000399685.1,None,None,567,None
GCF_000399705.1,1759,None,568,None
GCF_000413915.1,1773,None,39,None
GCF_000417785.2,2056,None,215,None
GCF_000419385.1,1962,IC2,2,IC2
GCF_000417805.2,806,None,215,None
GCF_000419425.1,218,IC2,2,IC2
GCF_000419405.1,642,IC8,23,IC8
GCF_000453065.1,939,None,2,IC2
GCF_000453025.1,1961,IC6,78,IC6
GCF_000441955.1,947,None,1,IC1
GCF_000453045.1,1840,None,1,IC1
GCF_000453085.1,207,IC1,1,IC1
GCF_000453105.1,207,IC1,1,IC1
GCF_000453145.1,208,IC2,2,IC2
GCF_000453185.1,None,None,2,IC2
GCF_000453165.1,1006,None,425,None
GCF_000453125.1,234,None,164,None
GCF_000453205.1,1840,None,1,IC1
GCF_000453285.1,1806,IC2,2,IC2
GCF_000453245.1,1800,None,406,None
GCF_000453265.1,310,None,406,None
GCF_000453225.1,310,None,406,None
GCF_000453345.1,1806,IC2,2,IC2
GCF_000453305.1,None,None,2,IC2
GCF_000453365.1,208,IC2,2,IC2
GCF_000453325.1,None,None,2,IC2
GCF_000453385.1,208,IC2,2,IC2
GCF_000453405.1,208,IC2,2,IC2
GCF_000453425.1,208,IC2,2,IC2
GCF_000453445.1,957,None,6,None
GCF_000453505.1,356,None,417,None
GCF_000453485.1,356,None,417,None
GCF_000453465.1,996,None,427,None
GCF_000453545.1,208,IC2,2,IC2
GCF_000453525.1,1806,IC2,2,IC2
GCF_000453565.1,348,IC2,2,IC2
GCF_000453585.1,349,None,2,IC2
GCF_000453605.1,699,None,33,None
GCF_000453625.1,205,IC5,79,IC5
GCF_000453645.1,348,IC2,2,IC2
GCF_000453665.1,348,IC2,2,IC2
GCF_000453685.1,310,None,406,None
GCF_000453745.1,None,None,2,IC2
GCF_000453705.1,348,IC2,2,IC2
GCF_000453785.1,281,IC2,2,IC2
GCF_000453725.1,1007,None,411,None
GCF_000453765.1,450,IC2,2,IC2
GCF_000453805.1,281,IC2,2,IC2
GCF_000453825.1,None,None,2,IC2
GCF_000453885.1,947,None,1,IC1
GCF_000453865.1,1806,IC2,2,IC2
GCF_000453905.1,281,IC2,2,IC2
GCF_000453925.1,None,None,2,IC2
GCF_000453845.1,208,IC2,2,IC2
GCF_000453965.1,1961,IC6,78,IC6
GCF_000453945.1,1840,None,1,IC1
GCF_000465635.2,351,None,221,None
GCF_000453985.1,1961,IC6,78,IC6
GCF_000454005.1,1840,None,1,IC1
GCF_000488235.1,None,None,560,None
GCF_000509325.1,1806,IC2,2,IC2
GCF_000505685.1,378,None,639,None
GCF_000498375.2,423,IC2,2,IC2
GCF_000493615.1,641,None,25,IC7
GCF_000513795.2,208,IC2,2,IC2
GCF_000515455.1,208,IC2,2,IC2
GCF_000515435.1,350,IC2,2,IC2
GCF_000515475.1,208,IC2,2,IC2
GCF_000515515.1,1806,IC2,2,IC2
GCF_000515495.1,350,IC2,2,IC2
GCF_000515535.1,350,IC2,2,IC2
GCF_000515555.1,1806,IC2,2,IC2
GCF_000515595.1,1806,IC2,2,IC2
GCF_000515575.1,1091,None,79,IC5
GCF_000515655.1,208,IC2,2,IC2
GCF_000515615.1,208,IC2,2,IC2
GCF_000515635.1,1806,IC2,2,IC2
GCF_000515695.1,208,IC2,2,IC2
GCF_000515715.1,208,IC2,2,IC2
GCF_000515675.1,208,IC2,2,IC2
GCF_000515735.1,1806,IC2,2,IC2
GCF_000515775.1,1806,IC2,2,IC2
GCF_000515815.1,1806,IC2,2,IC2
GCF_000515895.1,1806,IC2,2,IC2
GCF_000515755.1,1091,None,79,IC5
GCF_000515795.1,1091,None,79,IC5
GCF_000515835.1,208,IC2,2,IC2
GCF_000515855.1,124,IC5,79,IC5
GCF_000515875.2,1806,IC2,524,None
GCF_000515935.1,1806,IC2,2,IC2
GCF_000515975.1,208,IC2,2,IC2
GCF_000515915.1,208,IC2,2,IC2
GCF_000515955.1,208,IC2,2,IC2
GCF_000515995.2,208,IC2,2,IC2
GCF_000516015.1,208,IC2,2,IC2
GCF_000516035.1,208,IC2,2,IC2
GCF_000516055.1,350,IC2,2,IC2
GCF_000516075.1,350,IC2,2,IC2
GCF_000516115.1,350,IC2,2,IC2
GCF_000516095.1,208,IC2,2,IC2
GCF_000516155.1,944,IC6,78,IC6
GCF_000516175.1,1806,IC2,2,IC2
GCF_000516195.2,208,IC2,2,IC2
GCF_000516135.1,310,None,406,None
GCF_000516255.1,1008,None,669,None
GCF_000516235.1,208,IC2,2,IC2
GCF_000516295.1,281,IC2,2,IC2
GCF_000516215.2,1806,IC2,2,IC2
GCF_000516315.1,None,None,79,IC5
GCF_000516275.1,124,IC5,79,IC5
GCF_000516335.2,350,IC2,2,IC2
GCF_000516355.2,208,IC2,2,IC2
GCF_000517505.1,208,IC2,2,IC2
GCF_000517485.2,208,IC2,2,IC2
GCF_000516595.2,1806,IC2,2,IC2
GCF_000516575.2,993,IC7,25,IC7
GCF_000516375.1,124,IC5,79,IC5
GCF_000516635.2,993,IC7,25,IC7
GCF_000580135.1,1808,None,2,IC2
GCF_000529235.1,None,None,63,None
GCF_000576535.1,195,IC2,None,None
GCF_000580155.1,354,None,514,None
GCF_000529215.1,948,None,71,None
GCF_000580175.1,974,None,523,None
GCF_000580195.1,1808,None,2,IC2
GCF_000580215.1,349,None,2,IC2
GCF_000580235.1,281,IC2,2,IC2
GCF_000580275.1,1808,None,2,IC2
GCF_000580255.1,354,None,416,None
GCF_000580295.1,349,None,2,IC2
GCF_000580375.1,208,IC2,2,IC2
GCF_000580335.1,349,None,2,IC2
GCF_000580635.1,None,None,1207,None
GCF_000580315.1,1009,None,537,None
GCF_000580355.1,929,None,500,None
GCF_000580435.1,354,None,416,None
GCF_000580395.1,349,None,2,IC2
GCF_000580455.1,354,None,527,None
GCF_000580495.1,1857,None,499,None
GCF_000580415.1,355,None,16,None
GCF_000580475.1,349,None,2,IC2
GCF_000580615.1,None,None,203,None
GCF_000580515.1,951,None,241,None
GCF_000580575.1,975,None,2,IC2
GCF_000580535.1,354,None,416,None
GCF_000580555.1,1838,IC2,2,IC2
GCF_000580595.1,954,None,529,None
GCF_000580675.1,1029,None,279,None
GCF_000580715.1,1065,None,503,None
GCF_000580695.1,952,None,512,None
GCF_000580735.1,281,IC2,2,IC2
GCF_000580775.1,1003,None,528,None
GCF_000580755.1,1857,None,499,None
GCF_000580815.1,963,None,536,None
GCF_000581035.1,None,None,1207,None
GCF_000580835.1,1838,IC2,2,IC2
GCF_000580895.1,349,None,None,None
GCF_000580855.1,1030,None,93,None
GCF_000580875.1,1058,None,240,None
GCF_000580975.1,1026,None,508,None
GCF_000581195.1,None,None,1207,None
GCF_000581015.1,1839,IC2,2,IC2
GCF_000580955.1,1030,None,93,None
GCF_000580995.1,447,IC8,10,IC8
GCF_000580935.1,281,IC2,2,IC2
GCF_000581215.1,None,None,1207,None
GCF_000581095.1,1638,None,119,None
GCF_000581075.1,514,None,103,None
GCF_000581055.1,229,IC7,25,IC7
GCF_000581135.1,229,IC7,25,IC7
GCF_000581155.1,128,None,49,None
GCF_000581175.1,1838,IC2,2,IC2
GCF_000581115.1,1018,None,410,None
GCF_000581235.1,349,None,2,IC2
GCF_000581255.1,1056,None,509,None
GCF_000581275.1,1031,None,666,None
GCF_000581355.1,1838,IC2,2,IC2
GCF_000581315.1,355,None,16,None
GCF_000581295.1,1063,None,506,None
GCF_000581335.1,1838,IC2,2,IC2
GCF_000581395.1,1808,None,2,IC2
GCF_000581415.1,349,None,2,IC2
GCF_000581375.1,349,None,2,IC2
GCF_000581455.1,349,None,2,IC2
GCF_000581435.1,930,None,32,IC3
GCF_000581475.1,354,None,416,None
GCF_000581495.1,281,IC2,2,IC2
GCF_000581535.1,281,IC2,2,IC2
GCF_000581555.1,1021,None,522,None
GCF_000581575.1,349,None,2,IC2
GCF_000581515.1,976,None,670,None
GCF_000581675.1,None,None,2,IC2
GCF_000581595.1,354,None,650,None
GCF_000581655.1,281,IC2,2,IC2
GCF_000581635.1,349,None,2,IC2
GCF_000581615.1,349,None,2,IC2
GCF_000581695.1,1808,None,2,IC2
GCF_000581735.1,208,IC2,2,IC2
GCF_000581795.1,208,IC2,2,IC2
GCF_000581755.1,944,IC6,78,IC6
GCF_000581815.1,281,IC2,2,IC2
GCF_000581775.1,997,None,505,None
GCF_000581835.1,1032,None,675,None
GCF_000581855.1,998,None,533,None
GCF_000581875.1,943,None,154,None
GCF_000581915.1,355,None,16,None
GCF_000581935.1,1838,IC2,2,IC2
GCF_000581955.1,355,None,16,None
GCF_000581975.1,944,IC6,78,IC6
GCF_000581895.1,1027,None,519,None
GCF_000581995.1,1010,None,504,None
GCF_000582135.1,None,None,1207,None
GCF_000582015.1,348,IC2,2,IC2
GCF_000582235.1,None,None,1207,None
GCF_000582055.1,1033,None,224,None
GCF_000582035.1,354,None,514,None
GCF_000582075.1,1034,None,667,None
GCF_000582115.1,208,IC2,2,IC2
GCF_000582095.1,None,None,71,None
GCF_000582155.1,447,IC8,10,IC8
GCF_000582195.1,None,None,220,None
GCF_000582275.1,345,None,499,None
GCF_000582175.1,930,None,32,IC3
GCF_000582255.1,None,None,395,None
GCF_000582925.1,None,None,1207,None
GCF_000582215.1,208,IC2,2,IC2
GCF_000582295.1,354,None,514,None
GCF_000582315.1,None,None,71,None
GCF_000582355.1,105,None,108,None
GCF_000582335.1,1839,IC2,2,IC2
GCF_000582945.1,349,None,2,IC2
GCF_000582965.1,355,None,16,None
GCF_000583255.1,281,IC2,2,IC2
GCF_000583235.1,208,IC2,2,IC2
GCF_000583275.1,345,None,499,None
GCF_000583295.1,349,None,2,IC2
GCF_000583335.1,208,IC2,2,IC2
GCF_000583315.1,208,IC2,2,IC2
GCF_000583355.1,1838,IC2,2,IC2
GCF_000583375.1,None,None,138,IC7
GCF_000583415.1,929,None,500,None
GCF_000583435.1,281,IC2,2,IC2
GCF_000583475.1,978,None,526,None
GCF_000583495.1,281,IC2,525,None
GCF_000583395.1,1037,None,64,None
GCF_000583455.1,281,IC2,2,IC2
GCF_000583515.1,1839,IC2,2,IC2
GCF_000583555.1,281,IC2,2,IC2
GCF_000583575.1,281,IC2,2,IC2
GCF_000583535.1,281,IC2,2,IC2
GCF_000583595.1,1839,IC2,2,IC2
GCF_000584035.1,281,IC2,195,IC2
GCF_000584055.1,281,IC2,2,IC2
GCF_000584095.1,1011,None,535,None
GCF_000584015.1,1072,None,93,None
GCF_000584075.1,349,None,2,IC2
GCF_000584115.1,349,None,2,IC2
GCF_000584135.1,281,IC2,2,IC2
GCF_000584155.1,349,None,2,IC2
GCF_000584175.1,1806,IC2,2,IC2
GCF_000584195.1,349,None,2,IC2
GCF_000584255.1,948,None,410,None
GCF_000584235.1,349,None,2,IC2
GCF_000584215.1,1069,None,93,None
GCF_000584275.1,929,None,500,None
GCF_000584315.1,345,None,499,None
GCF_000584395.1,349,None,2,IC2
GCF_000584335.1,447,IC8,10,IC8
GCF_000584355.1,964,None,651,None
GCF_000584295.1,1857,None,499,None
GCF_000584435.1,349,None,2,IC2
GCF_000584415.1,965,None,510,None
GCF_000584475.1,1839,IC2,2,IC2
GCF_000584455.1,128,None,49,None
GCF_000584495.1,348,IC2,2,IC2
GCF_000584515.1,345,None,499,None
GCF_000584555.1,281,IC2,2,IC2
GCF_000584535.1,929,None,500,None
GCF_000584595.1,929,None,500,None
GCF_000584615.1,1998,None,68,None
GCF_000584635.1,929,None,500,None
GCF_000584715.1,956,None,54,None
GCF_000584655.1,281,IC2,2,IC2
GCF_000584695.1,1001,None,16,None
GCF_000584675.1,979,None,2,IC2
GCF_000584755.1,980,None,671,None
GCF_000584735.1,349,None,2,IC2
GCF_000584775.1,281,IC2,2,IC2
GCF_000584795.1,1019,None,530,None
GCF_000584835.1,281,IC2,2,IC2
GCF_000584875.1,348,IC2,2,IC2
GCF_000584895.1,348,IC2,2,IC2
GCF_000584855.1,345,None,499,None
GCF_000586635.1,231,IC1,1,IC1
GCF_000586655.1,231,IC1,1,IC1
GCF_000587915.1,349,None,2,IC2
GCF_000587875.1,208,IC2,2,IC2
GCF_000587895.1,281,IC2,2,IC2
GCF_000587935.1,349,None,2,IC2
GCF_000587975.1,349,None,2,IC2
GCF_000587955.1,345,None,499,None
GCF_000588035.1,370,None,532,None
GCF_000587995.1,1084,None,768,None
GCF_000588055.1,208,IC2,2,IC2
GCF_000588075.1,354,None,416,None
GCF_000588015.1,2010,None,214,None
GCF_000588095.1,1020,None,395,None
GCF_000588155.1,281,IC2,2,IC2
GCF_000588115.1,929,None,500,None
GCF_000588135.1,966,None,652,None
GCF_000588195.1,967,None,652,None
GCF_000588215.1,981,None,2,IC2
GCF_000588255.1,1029,None,279,None
GCF_000588235.1,345,None,499,None
GCF_000588175.1,349,None,2,IC2
GCF_000588295.1,1838,IC2,2,IC2
GCF_000588275.1,1875,None,563,None
GCF_000588315.1,208,IC2,2,IC2
GCF_000588335.1,1774,None,71,None
GCF_000588355.1,1022,None,521,None
GCF_000588415.1,1068,None,93,None
GCF_000588375.1,1839,IC2,2,IC2
GCF_000588395.1,1818,None,220,None
GCF_000588435.1,281,IC2,2,IC2
GCF_000588455.1,281,IC2,2,IC2
GCF_000588475.1,966,None,652,None
GCF_000588495.1,281,IC2,2,IC2
GCF_000588535.1,None,None,1167,None
GCF_000588595.1,704,None,68,None
GCF_000588575.1,208,IC2,2,IC2
GCF_000588555.1,208,IC2,2,IC2
GCF_000588615.1,1857,None,499,None
GCF_000588635.1,281,IC2,2,IC2
GCF_000588695.1,281,IC2,2,IC2
GCF_000588655.1,208,IC2,2,IC2
GCF_000588755.1,1012,None,285,None
GCF_000588675.1,374,None,10,IC8
GCF_000588735.1,281,IC2,2,IC2
GCF_000588915.1,281,IC2,2,IC2
GCF_000588895.1,281,IC2,2,IC2
GCF_000588795.1,281,IC2,2,IC2
GCF_000588815.1,281,IC2,2,IC2
GCF_000588775.1,345,None,499,None
GCF_000588935.1,281,IC2,2,IC2
GCF_000588955.1,281,IC2,2,IC2
GCF_000588975.1,982,None,2,IC2
GCF_000588995.1,281,IC2,2,IC2
GCF_000589015.1,281,IC2,2,IC2
GCF_000589035.1,281,IC2,2,IC2
GCF_000589055.1,281,IC2,2,IC2
GCF_000589075.1,281,IC2,2,IC2
GCF_000589095.1,281,IC2,2,IC2
GCF_000589115.1,None,None,501,None
GCF_000589135.1,None,None,501,None
GCF_000589195.1,281,IC2,2,IC2
GCF_000589175.1,None,None,501,None
GCF_000589155.1,None,None,501,None
GCF_000589215.1,None,None,501,None
GCF_000589235.1,None,None,501,None
GCF_000589275.1,281,IC2,2,IC2
GCF_000589255.1,None,None,501,None
GCF_000589295.1,1839,IC2,2,IC2
GCF_000589315.1,281,IC2,2,IC2
GCF_000589335.1,None,None,501,None
GCF_000589355.1,281,IC2,2,IC2
GCF_000589375.1,281,IC2,2,IC2
GCF_000589395.1,281,IC2,2,IC2
GCF_000589415.1,281,IC2,2,IC2
GCF_000589455.1,984,None,2,IC2
GCF_000589495.1,281,IC2,2,IC2
GCF_000589475.1,281,IC2,2,IC2
GCF_000589435.1,983,None,2,IC2
GCF_000589515.1,281,IC2,2,IC2
GCF_000589535.1,281,IC2,2,IC2
GCF_000589575.1,281,IC2,2,IC2
GCF_000589555.1,281,IC2,2,IC2
GCF_000589595.1,985,None,2,IC2
GCF_000589635.1,281,IC2,661,None
GCF_000589615.1,281,IC2,2,IC2
GCF_000589655.1,208,IC2,2,IC2
GCF_000589675.1,208,IC2,2,IC2
GCF_000589695.1,208,IC2,2,IC2
GCF_000589715.1,281,IC2,2,IC2
GCF_000589775.1,208,IC2,2,IC2
GCF_000589795.1,208,IC2,2,IC2
GCF_000589755.1,208,IC2,2,IC2
GCF_000589735.1,281,IC2,2,IC2
GCF_000589815.1,208,IC2,2,IC2
GCF_000591575.1,281,IC2,2,IC2
GCF_000589835.1,281,IC2,2,IC2
GCF_000591595.1,349,None,2,IC2
GCF_000591635.1,349,None,2,IC2
GCF_000591615.1,349,None,2,IC2
GCF_000591675.1,281,IC2,2,IC2
GCF_000591655.1,281,IC2,2,IC2
GCF_000591715.1,349,None,2,IC2
GCF_000591695.1,349,None,2,IC2
GCF_000591755.1,349,None,2,IC2
GCF_000591735.1,349,None,2,IC2
GCF_000591775.1,349,None,2,IC2
GCF_000591815.1,349,None,2,IC2
GCF_000591835.1,349,None,2,IC2
GCF_000591795.1,281,IC2,2,IC2
GCF_000591855.1,349,None,2,IC2
GCF_000591895.1,1839,IC2,2,IC2
GCF_000591875.1,349,None,2,IC2
GCF_000591915.1,281,IC2,2,IC2
GCF_000591955.1,349,None,2,IC2
GCF_000591935.1,349,None,2,IC2
GCF_000591975.1,349,None,2,IC2
GCF_000591995.1,349,None,2,IC2
GCF_000592015.1,349,None,2,IC2
GCF_000592095.1,349,None,2,IC2
GCF_000592055.1,281,IC2,2,IC2
GCF_000592035.1,349,None,2,IC2
GCF_000592075.1,349,None,2,IC2
GCF_000592175.1,1838,IC2,2,IC2
GCF_000592135.1,1838,IC2,2,IC2
GCF_000592155.1,349,None,2,IC2
GCF_000592115.1,1838,IC2,2,IC2
GCF_000592195.1,349,None,2,IC2
GCF_000592235.1,349,None,2,IC2
GCF_000592215.1,349,None,2,IC2
GCF_000592275.1,349,None,2,IC2
GCF_000592255.1,349,None,2,IC2
GCF_000592315.1,349,None,2,IC2
GCF_000592295.1,349,None,2,IC2
GCF_000592335.1,349,None,2,IC2
GCF_000592355.1,349,None,2,IC2
GCF_000592375.1,349,None,2,IC2
GCF_000592395.1,349,None,2,IC2
GCF_000592435.1,349,None,2,IC2
GCF_000592455.1,1838,IC2,2,IC2
GCF_000592415.1,349,None,2,IC2
GCF_000592495.1,349,None,2,IC2
GCF_000592475.1,349,None,2,IC2
GCF_000592515.1,1838,IC2,2,IC2
GCF_000592555.1,1838,IC2,2,IC2
GCF_000592575.1,349,None,2,IC2
GCF_000592535.1,349,None,2,IC2
GCF_000592595.1,1838,IC2,2,IC2
GCF_000592655.1,349,None,662,None
GCF_000592635.1,349,None,2,IC2
GCF_000592615.1,349,None,2,IC2
GCF_000592675.1,349,None,2,IC2
GCF_000592695.1,349,None,2,IC2
GCF_000592755.1,349,None,2,IC2
GCF_000600375.1,349,None,2,IC2
GCF_000592735.1,1838,IC2,2,IC2
GCF_000592715.1,1838,IC2,2,IC2
GCF_000600415.1,1838,IC2,2,IC2
GCF_000600395.1,349,None,2,IC2
GCF_000600435.1,349,None,2,IC2
GCF_000600455.1,1838,IC2,2,IC2
GCF_000600475.1,349,None,2,IC2
GCF_000600515.1,349,None,2,IC2
GCF_000600495.1,1838,IC2,2,IC2
GCF_000600535.1,349,None,2,IC2
GCF_000600555.1,349,None,2,IC2
GCF_000600595.1,981,None,2,IC2
GCF_000600575.1,349,None,2,IC2
GCF_000600655.1,281,IC2,2,IC2
GCF_000600615.1,281,IC2,2,IC2
GCF_000600635.1,281,IC2,2,IC2
GCF_000600695.1,281,IC2,2,IC2
GCF_000600675.1,281,IC2,2,IC2
GCF_000600715.1,281,IC2,2,IC2
GCF_000600755.1,356,None,656,None
GCF_000600735.1,356,None,417,None
GCF_000600775.1,356,None,417,None
GCF_000600795.1,354,None,416,None
GCF_000600835.1,969,None,658,None
GCF_000600815.1,968,None,657,None
GCF_000600855.1,970,None,659,None
GCF_000600895.1,356,None,417,None
GCF_000600875.1,354,None,416,None
GCF_000611045.1,353,IC2,415,IC2
GCF_000600915.1,1838,IC2,2,IC2
GCF_000600935.1,349,None,2,IC2
GCF_000611105.1,353,IC2,415,IC2
GCF_000611065.1,353,IC2,415,IC2
GCF_000611165.1,353,IC2,415,IC2
GCF_000611085.1,353,IC2,415,IC2
GCF_000611185.1,353,IC2,415,IC2
GCF_000611205.1,354,None,416,None
GCF_000611225.1,356,None,417,None
GCF_000611245.1,356,None,417,None
GCF_000611265.1,349,None,2,IC2
GCF_000611285.1,354,None,514,None
GCF_000611305.1,354,None,514,None
GCF_000611365.1,354,None,416,None
GCF_000611345.1,349,None,2,IC2
GCF_000611325.1,1838,IC2,2,IC2
GCF_000611405.1,349,None,2,IC2
GCF_000611425.1,349,None,2,IC2
GCF_000611385.1,971,None,660,None
GCF_000611445.1,349,None,2,IC2
GCF_000611485.1,354,None,514,None
GCF_000611465.1,356,None,417,None
GCF_000611505.1,281,IC2,2,IC2
GCF_000611525.1,None,None,2,IC2
GCF_000611565.1,281,IC2,2,IC2
GCF_000611545.1,353,IC2,415,IC2
GCF_000627335.1,281,IC2,2,IC2
GCF_000623035.1,1567,None,1,IC1
GCF_000627355.1,1839,IC2,2,IC2
GCF_000623015.1,447,IC8,10,IC8
GCF_000627375.1,349,None,2,IC2
GCF_000627395.1,281,IC2,2,IC2
GCF_000627415.1,281,IC2,2,IC2
GCF_000627495.1,281,IC2,2,IC2
GCF_000627515.1,281,IC2,2,IC2
GCF_000627535.1,281,IC2,2,IC2
GCF_000627555.1,281,IC2,2,IC2
GCF_000627595.1,281,IC2,2,IC2
GCF_000627575.1,281,IC2,2,IC2
GCF_000627615.1,281,IC2,2,IC2
GCF_000627655.1,354,None,416,None
GCF_000627635.1,354,None,416,None
GCF_000627735.1,281,IC2,2,IC2
GCF_000627715.1,989,None,674,None
GCF_000627695.1,988,None,673,None
GCF_000627675.1,987,None,672,None
GCF_000627755.1,929,None,500,None
GCF_000627775.1,1761,None,514,None
GCF_000671415.1,354,None,514,None
GCF_000671435.1,281,IC2,2,IC2
GCF_000671475.1,354,None,514,None
GCF_000671515.1,1839,IC2,2,IC2
GCF_000671495.1,281,IC2,2,IC2
GCF_000671535.1,281,IC2,2,IC2
GCF_000671575.1,281,IC2,2,IC2
GCF_000671555.1,281,IC2,2,IC2
GCF_000671595.1,354,None,514,None
GCF_000671615.1,354,None,514,None
GCF_000671635.1,354,None,514,None
GCF_000671655.1,349,None,2,IC2
GCF_000671675.1,929,None,500,None
GCF_000681555.1,1961,IC6,78,IC6
GCF_000681575.1,1077,None,336,None
GCF_000681595.1,949,None,1143,None
GCF_000681535.1,None,None,93,None
GCF_000681615.1,356,None,417,None
GCF_000681655.1,1838,IC2,2,IC2
GCF_000681635.1,1857,None,499,None
GCF_000681675.1,281,IC2,2,IC2
GCF_000681695.1,1838,IC2,2,IC2
GCF_000681735.1,349,None,2,IC2
GCF_000681795.1,354,None,514,None
GCF_000681775.1,354,None,514,None
GCF_000681835.1,208,IC2,2,IC2
GCF_000681755.1,929,None,500,None
GCF_000681855.1,349,None,2,IC2
GCF_000681815.1,2010,None,214,None
GCF_000681875.1,1838,IC2,2,IC2
GCF_000681935.1,349,None,2,IC2
GCF_000681915.1,1838,IC2,2,IC2
GCF_000681895.1,349,None,2,IC2
GCF_000682155.1,None,None,1207,None
GCF_000681995.1,349,None,2,IC2
GCF_000681975.1,349,None,2,IC2
GCF_000681955.1,349,None,2,IC2
GCF_000682055.1,354,None,514,None
GCF_000682015.1,929,None,500,None
GCF_000682035.1,929,None,500,None
GCF_000682075.1,208,IC2,2,IC2
GCF_000682095.1,None,None,501,None
GCF_000682115.1,1024,None,2,IC2
GCF_000682135.1,1838,IC2,2,IC2
GCF_000682175.1,281,IC2,2,IC2
GCF_000682255.1,345,None,499,None
GCF_000682215.1,345,None,499,None
GCF_000682235.1,208,IC2,2,IC2
GCF_000682275.1,354,None,514,None
GCF_000682335.1,948,None,71,None
GCF_000682375.1,1857,None,499,None
GCF_000682295.1,929,None,500,None
GCF_000682355.1,None,None,93,None
GCF_000682415.1,972,None,56,None
GCF_000682455.1,281,IC2,2,IC2
GCF_000682395.1,349,None,2,IC2
GCF_000682435.1,955,None,126,None
GCF_000682495.1,208,IC2,2,IC2
GCF_000682475.1,447,IC8,10,IC8
GCF_000682575.1,281,IC2,2,IC2
GCF_000682515.1,1085,None,882,None
GCF_000682535.1,990,None,668,None
GCF_000682555.1,281,IC2,2,IC2
GCF_000682615.1,None,None,501,None
GCF_000682655.1,281,IC2,2,IC2
GCF_000682595.1,961,None,664,None
GCF_000692095.1,208,IC2,2,IC2
GCF_000695855.3,1816,IC2,2,IC2
GCF_000708775.1,345,None,499,None
GCF_000694975.1,1017,None,530,None
GCF_000708795.1,345,None,499,None
GCF_000722965.1,373,None,40,None
GCF_000722975.1,373,None,40,None
GCF_000722985.1,1816,IC2,2,IC2
GCF_000723055.1,457,None,None,None
GCF_000723045.1,1891,IC2,2,IC2
GCF_000723065.1,208,IC2,2,IC2
GCF_000723075.1,457,None,2,IC2
GCF_000731975.1,None,None,94,IC1
GCF_000723145.1,1806,IC2,2,IC2
GCF_000731965.1,1013,None,621,None
GCF_000723125.1,208,IC2,2,IC2
GCF_000734775.1,381,None,2,IC2
GCF_000738845.1,1857,None,499,None
GCF_000737145.1,931,None,52,None
GCF_000746375.1,None,None,63,None
GCF_000746605.1,1000,None,638,None
GCF_000757665.1,227,IC5,79,IC5
GCF_000746645.1,758,None,79,IC5
GCF_000750855.1,933,IC1,94,IC1
GCF_000753985.1,None,None,1318,None
GCF_000759395.1,973,None,271,None
GCF_000760395.1,373,None,40,None
GCF_000760475.1,931,None,52,None
GCF_000760415.1,373,None,40,None
GCF_000760435.1,931,None,52,None
GCF_000760455.1,373,None,40,None
GCF_000761465.1,195,IC2,2,IC2
GCF_000761175.1,924,IC5,79,IC5
GCF_000763365.1,231,IC1,1,IC1
GCF_000766105.1,938,None,2,IC2
GCF_000770815.1,None,None,2,IC2
GCF_000770605.1,945,None,1,IC1
GCF_000770805.1,373,None,40,None
GCF_000770885.1,2057,None,2,IC2
GCF_000770905.1,218,IC2,2,IC2
GCF_000775795.1,None,None,1181,None
GCF_000775855.1,931,None,52,None
GCF_000775835.1,931,None,52,None
GCF_000775875.1,373,None,40,None
GCF_000786735.1,447,IC8,10,IC8
GCF_000787215.1,218,IC2,2,IC2
GCF_000775895.1,None,None,1181,None
GCF_000787225.1,191,IC2,2,IC2
GCF_000787235.1,1806,IC2,2,IC2
GCF_000787015.1,1638,None,119,None
GCF_000787275.1,1176,None,40,None
GCF_000787315.1,208,IC2,2,IC2
GCF_000787335.1,208,IC2,2,IC2
GCF_000787295.1,191,IC2,2,IC2
GCF_000794125.1,None,None,1,IC1
GCF_000787355.1,368,IC2,2,IC2
GCF_000800555.1,1638,None,119,None
GCF_000802885.1,195,IC2,2,IC2
GCF_000802905.1,1897,None,279,None
GCF_000800865.1,1923,None,119,None
GCF_000802895.1,1834,None,2,IC2
GCF_000804635.1,218,IC2,2,IC2
GCF_000804655.1,1962,IC2,2,IC2
GCF_000802915.1,585,IC8,10,IC8
GCF_000804645.1,1837,IC2,2,IC2
GCF_000804725.1,457,None,2,IC2
GCF_000804715.1,1962,IC2,2,IC2
GCF_000804665.1,368,IC2,2,IC2
GCF_000804735.1,1962,IC2,2,IC2
GCF_000804745.1,1962,IC2,2,IC2
GCF_000804815.1,1806,IC2,2,IC2
GCF_000804795.1,208,IC2,2,IC2
GCF_000804895.1,None,None,2,IC2
GCF_000804825.1,1806,IC2,2,IC2
GCF_000804885.1,191,IC2,2,IC2
GCF_000804805.1,369,None,2,IC2
GCF_000804875.1,1837,IC2,2,IC2
GCF_000804905.1,208,IC2,2,IC2
GCF_000804955.1,642,IC8,23,IC8
GCF_000805045.1,None,None,23,IC8
GCF_000804965.1,642,IC8,23,IC8
GCF_000804985.1,208,IC2,2,IC2
GCF_000804975.1,208,IC2,2,IC2
GCF_000805055.1,457,None,2,IC2
GCF_000805035.1,350,IC2,2,IC2
GCF_000805065.1,1988,None,None,None
GCF_000805115.1,381,None,2,IC2
GCF_000805125.1,208,IC2,2,IC2
GCF_000805145.1,369,None,2,IC2
GCF_000805135.1,1176,None,105,None
GCF_000805195.1,369,None,2,IC2
GCF_000805225.1,208,IC2,2,IC2
GCF_000805205.1,None,None,2,IC2
GCF_000805215.1,447,IC8,10,IC8
GCF_000805275.1,1806,IC2,2,IC2
GCF_000805295.1,368,IC2,2,IC2
GCF_000805305.1,1806,IC2,2,IC2
GCF_000805365.1,None,None,1184,None
GCF_000805515.1,None,None,215,None
GCF_000805525.1,368,IC2,2,IC2
GCF_000805635.1,None,None,2,IC2
GCF_000805615.1,None,None,2,IC2
GCF_000805535.1,None,None,653,None
GCF_000805595.1,457,None,2,IC2
GCF_000805545.1,208,IC2,2,IC2
GCF_000805655.1,None,None,655,None
GCF_000808765.2,208,IC2,2,IC2
GCF_000808775.3,208,IC2,2,IC2
GCF_000808815.3,1806,IC2,2,IC2
GCF_000808785.3,208,IC2,2,IC2
GCF_000808845.3,208,IC2,2,IC2
GCF_000808925.3,1806,IC2,2,IC2
GCF_000808885.3,1806,IC2,2,IC2
GCF_000808945.3,1806,IC2,2,IC2
GCF_000808905.3,208,IC2,2,IC2
GCF_000808985.3,92,None,2,IC2
GCF_000809005.3,1806,IC2,2,IC2
GCF_000809045.3,1806,IC2,2,IC2
GCF_000809065.3,208,IC2,2,IC2
GCF_000809085.3,281,IC2,2,IC2
GCF_000809205.3,1806,IC2,2,IC2
GCF_000809215.3,208,IC2,2,IC2
GCF_000809285.3,1806,IC2,2,IC2
GCF_000809235.3,350,IC2,2,IC2
GCF_000809225.3,1806,IC2,2,IC2
GCF_000809305.3,1806,IC2,2,IC2
GCF_000809345.3,208,IC2,2,IC2
GCF_000809325.3,1806,IC2,2,IC2
GCF_000809445.3,1806,IC2,2,IC2
GCF_000809365.3,1806,IC2,2,IC2
GCF_000809385.3,208,IC2,2,IC2
GCF_000809405.3,350,IC2,2,IC2
GCF_000809465.3,208,IC2,2,IC2
GCF_000809425.3,350,IC2,2,IC2
GCF_000809485.3,1806,IC2,2,IC2
GCF_000809505.3,944,IC6,78,IC6
GCF_000809525.3,1806,IC2,2,IC2
GCF_000809545.3,1806,IC2,2,IC2
GCF_000809585.3,1806,IC2,2,IC2
GCF_000809605.3,208,IC2,2,IC2
GCF_000809565.3,1806,IC2,2,IC2
GCF_000809625.3,1806,IC2,2,IC2
GCF_000809665.3,208,IC2,2,IC2
GCF_000809645.3,1806,IC2,2,IC2
GCF_000809685.3,1806,IC2,2,IC2
GCF_000809705.3,1806,IC2,2,IC2
GCF_000809745.3,208,IC2,2,IC2
GCF_000809805.3,1806,IC2,2,IC2
GCF_000809725.3,1806,IC2,2,IC2
GCF_000809765.3,208,IC2,2,IC2
GCF_000809785.3,208,IC2,2,IC2
GCF_000809825.3,208,IC2,2,IC2
GCF_000809865.3,None,None,79,IC5
GCF_000809845.3,None,None,79,IC5
GCF_000809885.2,1806,IC2,2,IC2
GCF_000809945.1,350,IC2,2,IC2
GCF_000809905.3,None,None,79,IC5
GCF_000809925.3,1703,None,1088,None
GCF_000809965.3,1703,None,1088,None
GCF_000810005.3,1703,None,1088,None
GCF_000809985.3,1806,IC2,2,IC2
GCF_000810045.3,350,IC2,2,IC2
GCF_000810025.3,350,IC2,2,IC2
GCF_000810065.3,350,IC2,2,IC2
GCF_000810085.3,350,IC2,2,IC2
GCF_000810125.3,1806,IC2,2,IC2
GCF_000810145.3,1806,IC2,2,IC2
GCF_000810165.3,1806,IC2,2,IC2
GCF_000810245.3,208,IC2,2,IC2
GCF_000810185.3,208,IC2,2,IC2
GCF_000810205.3,1806,IC2,2,IC2
GCF_000810265.3,208,IC2,2,IC2
GCF_000810305.3,350,IC2,2,IC2
GCF_000810285.3,208,IC2,2,IC2
GCF_000810325.3,350,IC2,2,IC2
GCF_000810365.3,208,IC2,2,IC2
GCF_000810345.3,350,IC2,2,IC2
GCF_000810465.3,208,IC2,2,IC2
GCF_000810385.3,1806,IC2,2,IC2
GCF_000810425.3,208,IC2,2,IC2
GCF_000810405.3,1806,IC2,2,IC2
GCF_000810445.3,1806,IC2,2,IC2
GCF_000810505.3,208,IC2,2,IC2
GCF_000810525.3,208,IC2,2,IC2
GCF_000810485.3,1806,IC2,2,IC2
GCF_000810565.3,1806,IC2,2,IC2
GCF_000810545.3,1806,IC2,2,IC2
GCF_000810585.3,1806,IC2,2,IC2
GCF_000810605.3,350,IC2,2,IC2
GCF_000810625.2,208,IC2,2,IC2
GCF_000810645.3,1806,IC2,2,IC2
GCF_000810725.3,208,IC2,2,IC2
GCF_000810685.3,208,IC2,2,IC2
GCF_000810665.3,208,IC2,2,IC2
GCF_000810745.3,208,IC2,2,IC2
GCF_000810765.3,1806,IC2,2,IC2
GCF_000810825.3,1806,IC2,2,IC2
GCF_000810905.3,208,IC2,2,IC2
GCF_000810865.3,1806,IC2,2,IC2
GCF_000810835.3,1806,IC2,2,IC2
GCF_000810875.3,1806,IC2,2,IC2
GCF_000810985.3,417,None,2,IC2
GCF_000810935.3,350,IC2,2,IC2
GCF_000810915.3,1806,IC2,2,IC2
GCF_000811005.3,350,IC2,2,IC2
GCF_000810945.3,208,IC2,2,IC2
GCF_000811085.3,281,IC2,2,IC2
GCF_000810995.3,1739,None,250,IC3
GCF_000811015.3,281,IC2,2,IC2
GCF_000811065.3,417,None,2,IC2
GCF_000811205.3,1806,IC2,2,IC2
GCF_000811145.3,1806,IC2,2,IC2
GCF_000811105.3,208,IC2,2,IC2
GCF_000811165.3,208,IC2,2,IC2
GCF_000811185.3,208,IC2,2,IC2
GCF_000811245.3,1806,IC2,2,IC2
GCF_000811225.3,208,IC2,2,IC2
GCF_000811325.3,1806,IC2,2,IC2
GCF_000811265.3,350,IC2,2,IC2
GCF_000811305.3,1806,IC2,2,IC2
GCF_000811345.3,1806,IC2,2,IC2
GCF_000811285.3,208,IC2,2,IC2
GCF_000811405.3,1806,IC2,2,IC2
GCF_000811365.3,1806,IC2,2,IC2
GCF_000811485.3,1806,IC2,2,IC2
GCF_000811505.3,1806,IC2,2,IC2
GCF_000811525.3,350,IC2,2,IC2
GCF_000811545.3,350,IC2,2,IC2
GCF_000811605.3,None,None,2,IC2
GCF_000811565.3,208,IC2,2,IC2
GCF_000811585.3,350,IC2,2,IC2
GCF_000811625.3,350,IC2,2,IC2
GCF_000811645.3,436,IC2,2,IC2
GCF_000811665.3,350,IC2,2,IC2
GCF_000811705.3,350,IC2,2,IC2
GCF_000811725.3,350,IC2,2,IC2
GCF_000811685.3,350,IC2,2,IC2
GCF_000811745.3,1806,IC2,2,IC2
GCF_000811765.3,1806,IC2,2,IC2
GCF_000811905.3,1806,IC2,2,IC2
GCF_000811825.3,350,IC2,2,IC2
GCF_000811785.3,350,IC2,2,IC2
GCF_000811805.3,447,IC8,10,IC8
GCF_000811885.3,1804,None,1088,None
GCF_000811865.3,208,IC2,2,IC2
GCF_000814345.1,1161,None,464,None
GCF_000811925.3,1806,IC2,2,IC2
GCF_000811945.3,1806,IC2,2,IC2
GCF_000814165.3,1162,None,322,None
GCF_000820685.1,1806,IC2,2,IC2
GCF_000820665.1,1806,IC2,2,IC2
GCF_000828795.1,None,None,2,IC2
GCF_000828935.1,919,None,622,None
GCF_000830055.1,231,IC1,1,IC1
GCF_000835995.1,373,None,None,None
GCF_000836055.1,1035,None,76,None
GCF_000836015.1,1037,None,63,None
GCF_000836035.1,None,None,560,None
GCF_000836075.1,931,None,52,None
GCF_000876055.1,373,None,40,None
GCF_000876115.1,None,None,200,None
GCF_000836625.1,231,IC1,1,IC1
GCF_000876095.1,931,None,52,None
GCF_000876075.1,432,None,34,None
GCF_000876445.1,731,None,250,IC3
GCF_000931675.1,704,None,68,None
GCF_000931735.1,1040,None,62,None
GCF_000931755.1,931,None,52,None
GCF_000931795.1,704,None,68,None
GCF_000931775.1,704,None,68,None
GCF_000931895.1,1638,None,119,None
GCF_000934125.1,None,None,1172,None
GCF_000931915.1,None,None,1178,None
GCF_000939395.2,208,IC2,2,IC2
GCF_000939425.2,208,IC2,2,IC2
GCF_000939415.2,1806,IC2,2,IC2
GCF_000939405.2,208,IC2,2,IC2
GCF_000939485.2,281,IC2,2,IC2
GCF_000939475.2,208,IC2,2,IC2
GCF_000939495.2,1806,IC2,2,IC2
GCF_000939565.2,208,IC2,2,IC2
GCF_000939535.2,208,IC2,2,IC2
GCF_000939575.2,208,IC2,2,IC2
GCF_000939555.2,208,IC2,2,IC2
GCF_000939615.2,208,IC2,2,IC2
GCF_000949035.2,1806,IC2,2,IC2
GCF_000949045.2,350,IC2,2,IC2
GCF_000949055.2,1806,IC2,2,IC2
GCF_000949065.2,350,IC2,2,IC2
GCF_000939635.2,1806,IC2,2,IC2
GCF_000949165.2,1739,None,250,IC3
GCF_000949115.2,350,IC2,2,IC2
GCF_000949185.2,1739,None,250,IC3
GCF_000949195.2,1806,IC2,2,IC2
GCF_000949175.2,None,None,2,IC2
GCF_000949675.1,None,None,781,None
GCF_000949695.1,None,None,781,None
GCF_000949735.1,1818,None,220,None
GCF_000949715.1,704,None,68,None
GCF_000949755.1,1818,None,220,None
GCF_000949775.1,1638,None,119,None
GCF_000949795.1,1638,None,119,None
GCF_000963815.1,1677,IC1,1,IC1
GCF_000972345.1,None,None,1207,None
GCF_000966305.1,235,None,None,None
GCF_000966495.1,1806,IC2,2,IC2
GCF_000969285.1,195,IC2,2,IC2
GCF_000966525.1,208,IC2,2,IC2
GCF_000966515.1,2057,None,2,IC2
GCF_000969465.1,218,IC2,None,None
GCF_000966505.1,355,None,16,None
GCF_000969365.1,218,IC2,2,IC2
GCF_000969485.1,None,None,654,None
GCF_000969385.1,491,IC1,1,IC1
GCF_000981405.1,1836,IC2,2,IC2
GCF_000972625.1,447,IC8,10,IC8
GCF_000972525.1,447,IC8,10,IC8
GCF_000988155.1,236,IC4,15,IC4
GCF_001007685.1,229,IC7,402,None
GCF_001007705.1,229,IC7,25,IC7
GCF_001007745.1,1641,None,25,IC7
GCF_001007725.1,229,IC7,25,IC7
GCF_001008125.1,195,IC2,2,IC2
GCF_001007765.1,1641,None,25,IC7
GCF_001007815.1,440,IC7,25,IC7
GCF_001007775.1,1489,IC7,25,IC7
GCF_001027885.1,848,IC2,2,IC2
GCF_001026965.1,1806,IC2,2,IC2
GCF_001028265.1,207,IC1,1,IC1
GCF_001028315.1,231,IC1,1,IC1
GCF_001052015.1,208,IC2,2,IC2
GCF_001028305.1,933,IC1,94,IC1
GCF_001052675.1,1806,IC2,2,IC2
GCF_001028385.1,933,IC1,94,IC1
GCF_001028335.1,933,IC1,94,IC1
GCF_001028325.1,498,IC1,81,IC1
GCF_001052325.1,1806,IC2,2,IC2
GCF_001053695.1,208,IC2,2,IC2
GCF_001052775.1,1806,IC2,2,IC2
GCF_001055965.1,None,None,1140,None
GCF_001056355.1,1034,None,667,None
GCF_001059495.1,208,IC2,2,IC2
GCF_001056825.1,704,None,68,None
GCF_001077565.2,1500,None,149,None
GCF_001077675.1,112,None,437,None
GCF_001077655.1,447,IC8,10,IC8
GCF_001276055.1,1809,None,2,IC2
GCF_001261895.2,942,None,267,None
GCF_001414585.1,None,None,1398,None
GCF_001276085.1,447,IC8,10,IC8
GCF_001292715.1,208,IC2,2,IC2
GCF_001400975.1,None,None,492,None
GCF_001373535.1,1567,None,1,IC1
GCF_001373575.1,1567,None,1,IC1
GCF_001399655.1,498,IC1,81,IC1
GCF_001414645.1,1806,IC2,2,IC2
GCF_001414565.1,124,IC5,79,IC5
GCF_001414655.1,1703,None,406,None
GCF_001414705.1,1037,None,63,None
GCF_001414685.1,None,None,848,None
GCF_001414725.1,None,None,93,None
GCF_001414765.1,1752,None,None,None
GCF_001414785.1,124,IC5,79,IC5
GCF_001414735.1,124,IC5,79,IC5
GCF_001414815.1,124,IC5,None,None
GCF_001414805.1,124,IC5,79,IC5
GCF_001414865.1,None,None,2,IC2
GCF_001414835.1,None,None,410,None
GCF_001414885.1,124,IC5,79,IC5
GCF_001414905.1,124,IC5,79,IC5
GCF_001414915.1,None,None,498,None
GCF_001414985.1,124,IC5,None,None
GCF_001415015.1,124,IC5,79,IC5
GCF_001414935.1,124,IC5,79,IC5
GCF_001414925.1,124,IC5,79,IC5
GCF_001414995.1,124,IC5,79,IC5
GCF_001415065.1,None,None,49,None
GCF_001415025.1,None,None,79,IC5
GCF_001415095.1,2057,None,2,IC2
GCF_001415085.1,128,None,49,None
GCF_001415165.1,1703,None,406,None
GCF_001415105.1,2009,None,None,None
GCF_001415175.1,1034,None,667,None
GCF_001415215.1,1703,None,None,None
GCF_001415145.1,1923,None,119,None
GCF_001415185.1,1034,None,667,None
GCF_001415245.1,1081,None,667,None
GCF_001415295.1,124,IC5,79,IC5
GCF_001415275.1,2057,None,2,IC2
GCF_001415345.1,None,None,79,IC5
GCF_001415325.1,None,None,79,IC5
GCF_001415355.1,None,None,79,IC5
GCF_001415385.1,124,IC5,79,IC5
GCF_001415395.1,948,None,71,None
GCF_001415435.1,None,None,103,None
GCF_001415425.1,762,None,79,IC5
GCF_001415485.1,None,None,63,None
GCF_001415515.1,1857,None,499,None
GCF_001415505.1,345,None,499,None
GCF_001415585.1,1069,None,93,None
GCF_001415555.1,None,None,1177,None
GCF_001415615.1,1857,None,499,None
GCF_001415595.1,124,IC5,79,IC5
GCF_001415645.1,208,IC2,2,IC2
GCF_001415735.1,1806,IC2,2,IC2
GCF_001415765.1,1806,IC2,2,IC2
GCF_001415715.1,473,None,2,IC2
GCF_001415695.1,281,IC2,2,IC2
GCF_001415815.1,1806,IC2,None,None
GCF_001415835.1,1739,None,250,IC3
GCF_001415805.1,1804,None,406,None
GCF_001415865.1,None,None,64,None
GCF_001415785.1,124,IC5,79,IC5
GCF_001415875.1,205,IC5,79,IC5
GCF_001415915.1,1772,None,428,None
GCF_001415965.1,1857,None,499,None
GCF_001415895.1,1037,None,64,None
GCF_001415935.1,1068,None,93,None
GCF_001416005.1,124,IC5,None,None
GCF_001415985.1,1703,None,406,None
GCF_001416075.1,208,IC2,2,IC2
GCF_001416065.1,1030,None,93,None
GCF_001416095.1,1806,IC2,2,IC2
GCF_001416035.1,None,None,79,IC5
GCF_001416115.1,None,None,1337,None
GCF_001416145.1,345,None,499,None
GCF_001416155.1,1857,None,499,None
GCF_001416165.1,1857,None,499,None
GCF_001416185.1,1923,None,119,None
GCF_001416225.1,1806,IC2,2,IC2
GCF_001416255.1,1703,None,None,None
GCF_001416235.1,1804,None,406,None
GCF_001416275.1,1806,IC2,2,IC2
GCF_001416315.1,None,None,150,None
GCF_001416305.1,1857,None,499,None
GCF_001416355.1,None,None,79,IC5
GCF_001416415.1,None,None,79,IC5
GCF_001416385.1,None,None,79,IC5
GCF_001416465.1,2057,None,2,IC2
GCF_001416425.1,None,None,79,IC5
GCF_001416495.1,943,None,154,None
GCF_001416625.1,1739,None,250,IC3
GCF_001416515.1,1804,None,406,None
GCF_001416545.1,1703,None,406,None
GCF_001416555.1,1703,None,406,None
GCF_001416565.1,1857,None,499,None
GCF_001416585.1,1703,None,406,None
GCF_001416635.1,None,None,79,IC5
GCF_001416715.1,124,IC5,79,IC5
GCF_001416705.1,None,None,79,IC5
GCF_001417485.1,None,None,79,IC5
GCF_001420505.1,None,None,2,IC2
GCF_001417515.1,None,None,79,IC5
GCF_001417545.1,None,None,79,IC5
GCF_001420515.1,None,None,2,IC2
GCF_001432265.1,1089,None,85,None
GCF_001432425.1,None,None,372,None
GCF_001432375.1,1800,None,406,None
GCF_001432275.1,1089,None,85,None
GCF_001432385.1,124,IC5,79,IC5
GCF_001432445.1,1839,IC2,2,IC2
GCF_001432455.1,878,None,6,None
GCF_001432435.1,1923,None,119,None
GCF_001432525.1,124,IC5,79,IC5
GCF_001432535.1,1804,None,None,None
GCF_001432635.1,None,None,643,None
GCF_001432595.1,None,None,1022,None
GCF_001432625.1,124,IC5,79,IC5
GCF_001432665.1,None,None,78,IC6
GCF_001432585.1,1703,None,None,None
GCF_001432545.1,229,IC7,25,IC7
GCF_001432685.1,None,None,1022,None
GCF_001432705.1,None,None,1022,None
GCF_001432715.1,1037,None,None,None
GCF_001432755.1,1806,IC2,2,IC2
GCF_001432745.1,None,None,497,None
GCF_001432775.1,1069,None,93,None
GCF_001432825.1,None,None,32,IC3
GCF_001432785.1,1804,None,406,None
GCF_001432845.1,944,IC6,78,IC6
GCF_001432895.1,1804,None,None,None
GCF_001432925.1,124,IC5,None,None
GCF_001432935.1,1037,None,64,None
GCF_001432965.1,124,IC5,79,IC5
GCF_001432975.1,124,IC5,79,IC5
GCF_001433045.1,1806,IC2,2,IC2
GCF_001433015.1,124,IC5,79,IC5
GCF_001433075.1,1703,None,406,None
GCF_001433125.1,None,None,1170,None
GCF_001433055.1,124,IC5,79,IC5
GCF_001433095.1,948,None,71,None
GCF_001433155.1,None,None,497,None
GCF_001433145.1,1703,None,None,None
GCF_001433225.1,1069,None,93,None
GCF_001433205.1,1839,IC2,2,IC2
GCF_001433185.1,1081,None,None,None
GCF_001433295.1,None,None,643,None
GCF_001433245.1,None,None,79,IC5
GCF_001433265.1,1703,None,406,None
GCF_001433275.1,None,None,79,IC5
GCF_001433335.1,124,IC5,79,IC5
GCF_001433675.1,452,IC2,2,IC2
GCF_001433355.1,207,IC1,None,None
GCF_001433655.1,124,IC5,79,IC5
GCF_001433695.1,124,IC5,79,IC5
GCF_001441355.1,447,IC8,10,IC8
GCF_001441405.1,447,IC8,10,IC8
GCF_001441415.1,447,IC8,10,IC8
GCF_001441455.1,447,IC8,10,IC8
GCF_001441475.1,447,IC8,10,IC8
GCF_001441465.1,447,IC8,10,IC8
GCF_001441485.1,447,IC8,10,IC8
GCF_001441565.1,391,IC8,10,IC8
GCF_001441555.1,391,IC8,10,IC8
GCF_001441545.1,391,IC8,10,IC8
GCF_001441625.1,391,IC8,10,IC8
GCF_001441645.1,391,IC8,10,IC8
GCF_001442575.1,208,IC2,2,IC2
GCF_001444215.1,933,IC1,94,IC1
GCF_001444225.1,933,IC1,94,IC1
GCF_001443265.1,None,None,94,IC1
GCF_001444255.1,None,None,94,IC1
GCF_001444265.1,933,IC1,94,IC1
GCF_001457535.1,819,None,126,None
GCF_001446715.1,1133,None,742,None
GCF_001471615.2,704,None,68,None
GCF_001471855.2,355,None,16,None
GCF_001511855.1,1604,IC1,1,IC1
GCF_001500225.1,None,None,15,IC4
GCF_001511895.1,231,IC1,1,IC1
GCF_001511875.1,231,IC1,1,IC1
GCF_001511915.1,441,IC1,1,IC1
GCF_001511975.1,1604,IC1,1,IC1
GCF_001511995.1,441,IC1,1,IC1
GCF_001511935.1,1604,IC1,1,IC1
GCF_001512035.1,1604,IC1,1,IC1
GCF_001512015.1,1604,IC1,1,IC1
GCF_001512055.1,439,IC1,1,IC1
GCF_001512095.1,1604,IC1,1,IC1
GCF_001512075.1,None,None,1,IC1
GCF_001512115.1,231,IC1,1,IC1
GCF_001512155.1,231,IC1,1,IC1
GCF_001512135.1,None,None,1,IC1
GCF_001512195.1,231,IC1,1,IC1
GCF_001512175.1,None,None,1,IC1
GCF_001517645.1,819,None,126,None
GCF_001512255.1,231,IC1,1,IC1
GCF_001512235.1,1604,IC1,1,IC1
GCF_001512215.1,1604,IC1,1,IC1
GCF_001514375.1,None,None,2,IC2
GCF_001531265.2,124,IC5,79,IC5
GCF_001531455.2,208,IC2,2,IC2
GCF_001518715.1,1839,IC2,2,IC2
GCF_001531205.2,208,IC2,2,IC2
GCF_001531135.1,124,IC5,79,IC5
GCF_001541025.2,208,IC2,2,IC2
GCF_001541045.2,1806,IC2,2,IC2
GCF_001541035.2,208,IC2,2,IC2
GCF_001541425.1,1806,IC2,187,None
GCF_001541525.1,None,None,2,IC2
GCF_001541455.1,1806,IC2,745,None
GCF_001541695.1,None,None,2,IC2
GCF_001541685.1,218,IC2,None,None
GCF_001541705.1,208,IC2,187,None
GCF_001541725.1,1806,IC2,187,None
GCF_001541765.1,1806,IC2,187,None
GCF_001541775.1,1806,IC2,745,None
GCF_001541795.1,208,IC2,187,None
GCF_001541875.1,1806,IC2,187,None
GCF_001549575.1,1604,IC1,1,IC1
GCF_001573065.1,1891,IC2,2,IC2
GCF_001543995.1,191,IC2,2,IC2
GCF_001544395.1,819,None,126,None
GCF_001573105.1,2056,None,215,None
GCF_001573085.1,1962,IC2,2,IC2
GCF_001577285.1,1638,None,119,None
GCF_001576615.1,848,IC2,2,IC2
GCF_001573125.1,None,None,2,IC2
GCF_001578145.1,642,IC8,23,IC8
GCF_001593425.2,112,None,437,None
GCF_001595745.1,None,None,606,None
GCF_001612075.1,848,IC2,2,IC2
GCF_001612005.1,449,IC1,20,IC1
GCF_001612015.1,928,IC3,3,IC3
GCF_001611995.1,993,IC7,25,IC7
GCF_001612025.1,None,None,48,None
GCF_001612155.1,848,IC2,2,IC2
GCF_001612185.1,848,IC2,2,IC2
GCF_001612175.1,848,IC2,2,IC2
GCF_001612115.1,1567,None,717,None
GCF_001612095.1,993,IC7,25,IC7
GCF_001612105.1,993,IC7,25,IC7
GCF_001612215.1,928,IC3,3,IC3
GCF_001612285.1,848,IC2,2,IC2
GCF_001612235.1,None,None,2,IC2
GCF_001612335.1,None,None,2,IC2
GCF_001612255.1,1677,IC1,1,IC1
GCF_001612395.1,452,IC2,2,IC2
GCF_001612275.1,945,None,1,IC1
GCF_001612435.1,945,None,1,IC1
GCF_001612415.1,207,IC1,1,IC1
GCF_001612365.1,None,None,2,IC2
GCF_001612355.1,None,None,2,IC2
GCF_001612315.1,848,IC2,2,IC2
GCF_001612455.1,231,IC1,1,IC1
GCF_001617545.1,1582,None,1076,None
GCF_001617835.1,784,None,2,IC2
GCF_001617825.1,451,IC2,2,IC2
GCF_001617885.1,451,IC2,2,IC2
GCF_001617895.1,195,IC2,2,IC2
GCF_001618125.1,218,IC2,2,IC2
GCF_001617945.1,1806,IC2,2,IC2
GCF_001617915.1,1806,IC2,2,IC2
GCF_001624975.1,None,None,2,IC2
GCF_001636235.1,1321,None,422,IC5
GCF_001640065.1,1806,IC2,604,None
GCF_001640075.1,1806,IC2,2,IC2
GCF_001648035.1,131,None,1035,None
GCF_001649615.1,407,None,317,None
GCF_001649675.1,None,None,79,IC5
GCF_001649625.1,407,None,317,None
GCF_001649595.1,1552,None,107,None
GCF_001649835.1,None,None,79,IC5
GCF_001649765.1,233,IC5,79,IC5
GCF_001649705.1,233,IC5,79,IC5
GCF_001649805.1,233,IC5,79,IC5
GCF_001649815.1,1552,None,107,None
GCF_001649795.1,233,IC5,79,IC5
GCF_001649875.1,233,IC5,79,IC5
GCF_001649895.1,233,IC5,79,IC5
GCF_001649975.1,None,None,317,None
GCF_001649955.1,233,IC5,79,IC5
GCF_001657725.1,231,IC1,1,IC1
GCF_001661665.1,208,IC2,2,IC2
GCF_001664565.1,417,None,2,IC2
GCF_001664575.1,281,IC2,2,IC2
GCF_001664645.1,208,IC2,2,IC2
GCF_001664585.1,281,IC2,2,IC2
GCF_001664665.1,281,IC2,2,IC2
GCF_001664655.1,350,IC2,2,IC2
GCF_001664595.1,195,IC2,2,IC2
GCF_001664685.1,1703,None,1088,None
GCF_001664725.1,281,IC2,2,IC2
GCF_001664735.1,281,IC2,2,IC2
GCF_001664755.1,281,IC2,2,IC2
GCF_001664805.1,1806,IC2,2,IC2
GCF_001664765.1,310,None,406,None
GCF_001664815.1,1739,None,250,IC3
GCF_001664855.1,281,IC2,2,IC2
GCF_001664835.1,281,IC2,2,IC2
GCF_001664885.1,281,IC2,2,IC2
GCF_001664895.1,1806,IC2,2,IC2
GCF_001664975.1,281,IC2,2,IC2
GCF_001664915.1,208,IC2,2,IC2
GCF_001664985.1,1806,IC2,2,IC2
GCF_001664905.1,281,IC2,2,IC2
GCF_001664965.1,281,IC2,2,IC2
GCF_001665005.1,1857,None,499,None
GCF_001665045.1,281,IC2,2,IC2
GCF_001665055.1,281,IC2,2,IC2
GCF_001665065.1,208,IC2,2,IC2
GCF_001665095.1,540,None,2,IC2
GCF_001665125.1,281,IC2,2,IC2
GCF_001665155.1,281,IC2,632,None
GCF_001665205.1,281,IC2,2,IC2
GCF_001665985.1,281,IC2,2,IC2
GCF_001666065.1,281,IC2,2,IC2
GCF_001665145.1,310,None,406,None
GCF_001665175.1,None,None,2,IC2
GCF_001665285.1,281,IC2,2,IC2
GCF_001665215.1,281,IC2,2,IC2
GCF_001666075.1,281,IC2,2,IC2
GCF_001666105.1,281,IC2,2,IC2
GCF_001666085.1,281,IC2,2,IC2
GCF_001666175.1,281,IC2,2,IC2
GCF_001666145.1,281,IC2,2,IC2
GCF_001666155.1,281,IC2,2,IC2
GCF_001666235.1,281,IC2,2,IC2
GCF_001666255.1,281,IC2,2,IC2
GCF_001666195.1,1806,IC2,2,IC2
GCF_001666225.1,1739,None,250,IC3
GCF_001666275.1,281,IC2,2,IC2
GCF_001666305.1,281,IC2,2,IC2
GCF_001666385.1,281,IC2,2,IC2
GCF_001666315.1,281,IC2,2,IC2
GCF_001666365.1,1703,None,1088,None
GCF_001666325.1,350,IC2,2,IC2
GCF_001666395.1,281,IC2,2,IC2
GCF_001666405.1,281,IC2,632,None
GCF_001666425.1,281,IC2,2,IC2
GCF_001666465.1,281,IC2,2,IC2
GCF_001666515.1,281,IC2,2,IC2
GCF_001666485.1,281,IC2,2,IC2
GCF_001666475.1,208,IC2,2,IC2
GCF_001666575.1,281,IC2,2,IC2
GCF_001666545.1,281,IC2,2,IC2
GCF_001666635.1,281,IC2,2,IC2
GCF_001666565.1,281,IC2,2,IC2
GCF_001666555.1,281,IC2,2,IC2
GCF_001666625.1,281,IC2,2,IC2
GCF_001666645.1,281,IC2,2,IC2
GCF_001666715.1,281,IC2,2,IC2
GCF_001668475.1,281,IC2,2,IC2
GCF_001668445.1,281,IC2,2,IC2
GCF_001666705.1,350,IC2,2,IC2
GCF_001666665.1,1806,IC2,2,IC2
GCF_001668465.1,281,IC2,2,IC2
GCF_001668555.1,281,IC2,2,IC2
GCF_001668585.1,281,IC2,2,IC2
GCF_001668535.1,281,IC2,2,IC2
GCF_001668515.1,281,IC2,2,IC2
GCF_001668835.1,281,IC2,2,IC2
GCF_001668645.1,281,IC2,2,IC2
GCF_001668765.1,281,IC2,2,IC2
GCF_001668775.1,281,IC2,2,IC2
GCF_001668815.1,281,IC2,2,IC2
GCF_001668755.1,281,IC2,2,IC2
GCF_001668855.1,281,IC2,2,IC2
GCF_001668865.1,281,IC2,2,IC2
GCF_001668875.1,345,None,499,None
GCF_001668915.1,281,IC2,2,IC2
GCF_001668955.1,281,IC2,2,IC2
GCF_001668945.1,281,IC2,2,IC2
GCF_001668935.1,1839,IC2,2,IC2
GCF_001669095.1,281,IC2,2,IC2
GCF_001668995.1,281,IC2,2,IC2
GCF_001669035.1,417,None,2,IC2
GCF_001669105.1,1839,IC2,2,IC2
GCF_001669005.1,281,IC2,2,IC2
GCF_001669075.1,None,None,2,IC2
GCF_001669025.1,281,IC2,2,IC2
GCF_001669115.1,281,IC2,2,IC2
GCF_001669145.1,281,IC2,2,IC2
GCF_001669175.1,281,IC2,2,IC2
GCF_001669225.1,281,IC2,2,IC2
GCF_001669185.1,208,IC2,2,IC2
GCF_001669195.1,281,IC2,2,IC2
GCF_001669295.1,281,IC2,2,IC2
GCF_001669305.1,281,IC2,2,IC2
GCF_001669255.1,281,IC2,2,IC2
GCF_001669265.1,281,IC2,2,IC2
GCF_001669365.1,281,IC2,2,IC2
GCF_001669435.1,281,IC2,2,IC2
GCF_001669425.1,281,IC2,2,IC2
GCF_001669355.1,208,IC2,2,IC2
GCF_001669455.1,281,IC2,2,IC2
GCF_001669415.1,281,IC2,2,IC2
GCF_001669505.1,1806,IC2,2,IC2
GCF_001669495.1,281,IC2,2,IC2
GCF_001669525.1,1839,IC2,2,IC2
GCF_001669595.1,281,IC2,2,IC2
GCF_001669605.1,281,IC2,2,IC2
GCF_001669575.1,281,IC2,2,IC2
GCF_001669535.1,1806,IC2,2,IC2
GCF_001669645.1,281,IC2,2,IC2
GCF_001669735.1,938,None,2,IC2
GCF_001669635.1,281,IC2,2,IC2
GCF_001669695.1,281,IC2,2,IC2
GCF_001669675.1,281,IC2,2,IC2
GCF_001673795.1,281,IC2,2,IC2
GCF_001669705.1,281,IC2,2,IC2
GCF_001672535.1,218,IC2,2,IC2
GCF_001673875.1,281,IC2,2,IC2
GCF_001673825.1,281,IC2,2,IC2
GCF_001673805.1,281,IC2,2,IC2
GCF_001673895.1,1839,IC2,2,IC2
GCF_001673815.1,281,IC2,2,IC2
GCF_001673905.1,281,IC2,2,IC2
GCF_001673975.1,1839,IC2,2,IC2
GCF_001673955.1,281,IC2,2,IC2
GCF_001673915.1,281,IC2,2,IC2
GCF_001673985.1,281,IC2,2,IC2
GCF_001674035.1,281,IC2,2,IC2
GCF_001674015.1,281,IC2,2,IC2
GCF_001674075.1,281,IC2,2,IC2
GCF_001674045.1,1839,IC2,2,IC2
GCF_001674085.1,281,IC2,2,IC2
GCF_001674135.1,281,IC2,2,IC2
GCF_001674115.1,281,IC2,2,IC2
GCF_001674155.1,281,IC2,2,IC2
GCF_001674235.1,281,IC2,2,IC2
GCF_001674215.1,281,IC2,2,IC2
GCF_001674165.1,281,IC2,2,IC2
GCF_001674185.1,1739,None,250,IC3
GCF_001674245.1,281,IC2,2,IC2
GCF_001674315.1,281,IC2,2,IC2
GCF_001674255.1,281,IC2,2,IC2
GCF_001674295.1,281,IC2,2,IC2
GCF_001674325.1,281,IC2,2,IC2
GCF_001674365.1,281,IC2,2,IC2
GCF_001674345.1,281,IC2,2,IC2
GCF_001674395.1,281,IC2,2,IC2
GCF_001674415.1,281,IC2,2,IC2
GCF_001674425.1,1839,IC2,2,IC2
GCF_001674435.1,281,IC2,2,IC2
GCF_001674485.1,281,IC2,632,None
GCF_001674505.1,281,IC2,2,IC2
GCF_001674515.1,281,IC2,2,IC2
GCF_001674475.1,1839,IC2,2,IC2
GCF_001674555.1,1839,IC2,2,IC2
GCF_001674575.1,1839,IC2,2,IC2
GCF_001674585.1,281,IC2,2,IC2
GCF_001674635.1,281,IC2,2,IC2
GCF_001674605.1,281,IC2,2,IC2
GCF_001674655.1,281,IC2,2,IC2
GCF_001674695.1,1483,None,1079,None
GCF_001674665.1,208,IC2,2,IC2
GCF_001674735.1,281,IC2,2,IC2
GCF_001674705.1,281,IC2,2,IC2
GCF_001674755.1,281,IC2,2,IC2
GCF_001674805.1,281,IC2,2,IC2
GCF_001674835.1,281,IC2,2,IC2
GCF_001674785.1,281,IC2,2,IC2
GCF_001674765.1,281,IC2,2,IC2
GCF_001674865.1,281,IC2,2,IC2
GCF_001674885.1,281,IC2,2,IC2
GCF_001674845.1,281,IC2,2,IC2
GCF_001680105.1,None,None,2,IC2
GCF_001680115.1,None,None,2,IC2
GCF_001674915.1,281,IC2,2,IC2
GCF_001680185.1,1806,IC2,2,IC2
GCF_001675265.1,1167,None,111,None
GCF_001680225.1,191,IC2,2,IC2
GCF_001680215.1,None,None,2,IC2
GCF_001680195.1,1806,IC2,2,IC2
GCF_001680265.1,None,None,2,IC2
GCF_001680285.1,None,None,2,IC2
GCF_001680345.1,1816,IC2,2,IC2
GCF_001680295.1,191,IC2,2,IC2
GCF_001680365.1,195,IC2,2,IC2
GCF_001680305.1,1806,IC2,2,IC2
GCF_001680445.1,1816,IC2,2,IC2
GCF_001680375.1,195,IC2,2,IC2
GCF_001680425.1,195,IC2,2,IC2
GCF_001680395.1,195,IC2,2,IC2
GCF_001680455.1,1343,None,217,None
GCF_001680475.1,195,IC2,2,IC2
GCF_001693105.1,1458,None,943,None
GCF_001684275.1,None,None,643,None
GCF_001693095.1,836,None,388,None
GCF_001693115.1,642,IC8,23,IC8
GCF_001693125.1,1459,None,821,None
GCF_001693175.1,1459,None,821,None
GCF_001693205.1,1457,None,80,None
GCF_001693185.1,952,None,512,None
GCF_001698835.1,None,None,321,None
GCF_001693195.1,1456,None,309,None
GCF_001700395.1,1806,IC2,2,IC2
GCF_001700445.1,124,IC5,79,IC5
GCF_001704675.1,585,IC8,10,IC8
GCF_001704685.1,1421,None,2,IC2
GCF_001706035.1,1391,None,898,None
GCF_001704695.1,1604,IC1,1,IC1
GCF_001706045.1,1030,None,93,None
GCF_001704705.1,585,IC8,10,IC8
GCF_001706055.1,None,None,64,None
GCF_001706125.1,1119,None,205,None
GCF_001706115.1,None,None,777,None
GCF_001706065.1,1124,None,747,None
GCF_001706135.1,None,None,779,None
GCF_001706155.1,1923,None,119,None
GCF_001706195.1,1638,None,119,None
GCF_001706205.1,None,None,63,None
GCF_001706215.1,1348,None,93,None
GCF_001706275.1,1123,None,70,None
GCF_001706225.1,1122,None,744,None
GCF_001706315.1,1121,None,63,None
GCF_001706285.1,None,None,63,None
GCF_001706305.1,None,None,249,None
GCF_001706355.1,None,None,249,None
GCF_001706365.1,1030,None,93,None
GCF_001706415.1,1121,None,63,None
GCF_001706495.1,1068,None,248,None
GCF_001706505.1,1030,None,93,None
GCF_001706445.1,1638,None,119,None
GCF_001706435.1,None,None,691,None
GCF_001706425.1,1037,None,746,None
GCF_001706525.1,None,None,691,None
GCF_001706565.1,None,None,64,None
GCF_001706555.1,1120,None,63,None
GCF_001706585.1,None,None,64,None
GCF_001706575.1,None,None,63,None
GCF_001706635.1,None,None,63,None
GCF_001706645.1,None,None,64,None
GCF_001706695.1,1030,None,93,None
GCF_001706665.1,1030,None,93,None
GCF_001706715.1,1030,None,744,None
GCF_001706775.1,1068,None,248,None
GCF_001708025.1,218,IC2,2,IC2
GCF_001707985.1,218,IC2,2,IC2
GCF_001713665.1,None,None,778,None
GCF_001716945.1,None,None,950,None
GCF_001713685.1,1069,None,93,None
GCF_001713675.1,None,None,776,None
GCF_001716935.1,1729,None,207,None
GCF_001721365.1,112,None,437,None
GCF_001721425.1,112,None,437,None
GCF_001721385.1,112,None,437,None
GCF_001721375.1,112,None,437,None
GCF_001721465.1,112,None,437,None
GCF_001721445.1,112,None,437,None
GCF_001721455.1,112,None,437,None
GCF_001721475.1,112,None,437,None
GCF_001743435.1,None,None,64,None
GCF_001758065.1,472,None,32,IC3
GCF_001758125.1,1552,None,107,None
GCF_001758135.1,None,None,79,IC5
GCF_001758085.1,None,None,15,IC4
GCF_001758165.1,1552,None,107,None
GCF_001756815.1,1552,None,107,None
GCF_001806345.1,451,IC2,2,IC2
GCF_001806365.1,369,None,2,IC2
GCF_001806385.1,1809,None,2,IC2
GCF_001806425.1,369,None,2,IC2
GCF_001806405.1,None,None,2,IC2
GCF_001806465.1,191,IC2,2,IC2
GCF_001861375.1,195,IC2,None,None
GCF_001806445.1,369,None,2,IC2
GCF_001806485.1,208,IC2,2,IC2
GCF_001855175.1,None,None,2,IC2
GCF_001861385.1,208,IC2,2,IC2
GCF_001861455.1,1962,IC2,2,IC2
GCF_001861515.1,None,None,2,IC2
GCF_001861435.1,208,IC2,2,IC2
GCF_001861535.1,195,IC2,2,IC2
GCF_001861465.1,195,IC2,2,IC2
GCF_001861475.1,195,IC2,2,IC2
GCF_001861565.1,None,None,2,IC2
GCF_001861615.1,None,None,2,IC2
GCF_001861545.1,1806,IC2,2,IC2
GCF_001861585.1,195,IC2,2,IC2
GCF_001861655.1,None,None,2,IC2
GCF_001861735.1,784,None,2,IC2
GCF_001861695.1,195,IC2,2,IC2
GCF_001861745.1,368,IC2,2,IC2
GCF_001861665.1,191,IC2,2,IC2
GCF_001861705.1,1343,None,None,None
GCF_001861775.1,195,IC2,2,IC2
GCF_001861785.1,1806,IC2,2,IC2
GCF_001861835.1,195,IC2,2,IC2
GCF_001861795.1,1816,IC2,2,IC2
GCF_001861855.1,195,IC2,2,IC2
GCF_001861865.1,1806,IC2,2,IC2
GCF_001861905.1,195,IC2,2,IC2
GCF_001861895.1,195,IC2,2,IC2
GCF_001861955.1,447,IC8,10,IC8
GCF_001861935.1,447,IC8,10,IC8
GCF_001861975.1,208,IC2,2,IC2
GCF_001861995.1,195,IC2,2,IC2
GCF_001862035.1,195,IC2,2,IC2
GCF_001862055.1,195,IC2,2,IC2
GCF_001862145.1,195,IC2,2,IC2
GCF_001862065.1,None,None,2,IC2
GCF_001862175.1,None,None,2,IC2
GCF_001862075.1,195,IC2,2,IC2
GCF_001862105.1,None,None,2,IC2
GCF_001862215.1,195,IC2,2,IC2
GCF_001862185.1,195,IC2,2,IC2
GCF_001862225.1,784,None,2,IC2
GCF_001862235.1,195,IC2,2,IC2
GCF_001862345.1,195,IC2,2,IC2
GCF_001862305.1,None,None,2,IC2
GCF_001862375.1,195,IC2,2,IC2
GCF_001862265.1,784,None,2,IC2
GCF_001862335.1,462,None,46,None
GCF_001862295.1,784,None,2,IC2
GCF_001862385.1,1806,IC2,880,None
GCF_001862425.1,195,IC2,2,IC2
GCF_001862395.1,None,None,2,IC2
GCF_001862475.1,195,IC2,2,IC2
GCF_001862455.1,195,IC2,2,IC2
GCF_001862485.1,1816,IC2,2,IC2
GCF_001862535.1,547,None,2,IC2
GCF_001862505.1,195,IC2,2,IC2
GCF_001862555.1,1806,IC2,2,IC2
GCF_001862585.1,195,IC2,None,None
GCF_001862615.1,195,IC2,2,IC2
GCF_001862565.1,195,IC2,2,IC2
GCF_001862635.1,451,IC2,2,IC2
GCF_001862645.1,195,IC2,2,IC2
GCF_001862715.1,1816,IC2,2,IC2
GCF_001862665.1,None,None,2,IC2
GCF_001862725.1,None,None,338,None
GCF_001862695.1,1343,None,68,None
GCF_001862775.1,None,None,2,IC2
GCF_001862735.1,None,None,2,IC2
GCF_001862795.1,642,IC8,23,IC8
GCF_001862855.1,195,IC2,2,IC2
GCF_001862825.1,None,None,2,IC2
GCF_001862885.1,195,IC2,2,IC2
GCF_001862875.1,195,IC2,2,IC2
GCF_001862955.1,195,IC2,2,IC2
GCF_001862975.1,195,IC2,2,IC2
GCF_001862895.1,195,IC2,2,IC2
GCF_001862985.1,784,None,2,IC2
GCF_001863035.1,784,None,2,IC2
GCF_001863015.1,195,IC2,2,IC2
GCF_001863085.1,195,IC2,2,IC2
GCF_001863065.1,208,IC2,2,IC2
GCF_001863055.1,547,None,2,IC2
GCF_001863135.1,451,IC2,2,IC2
GCF_001863115.1,191,IC2,2,IC2
GCF_001863145.1,540,None,2,IC2
GCF_001863205.1,None,None,2,IC2
GCF_001863165.1,540,None,2,IC2
GCF_001863235.1,1816,IC2,2,IC2
GCF_001863295.1,195,IC2,2,IC2
GCF_001863275.1,191,IC2,None,None
GCF_001863225.1,1806,IC2,2,IC2
GCF_001863315.1,1837,IC2,2,IC2
GCF_001863335.1,1806,IC2,2,IC2
GCF_001863345.1,None,None,2,IC2
GCF_001863395.1,None,None,2,IC2
GCF_001863455.1,195,IC2,2,IC2
GCF_001863475.1,195,IC2,2,IC2
GCF_001863405.1,1806,IC2,2,IC2
GCF_001863415.1,462,None,46,None
GCF_001863465.1,547,None,2,IC2
GCF_001863485.1,462,None,46,None
GCF_001863545.1,1806,IC2,2,IC2
GCF_001863535.1,195,IC2,2,IC2
GCF_001863555.1,195,IC2,2,IC2
GCF_001863575.1,1816,IC2,2,IC2
GCF_001863615.1,1806,IC2,2,IC2
GCF_001863625.1,1816,IC2,2,IC2
GCF_001863655.1,704,None,68,None
GCF_001863665.1,195,IC2,2,IC2
GCF_001863725.1,462,None,46,None
GCF_001863705.1,1342,None,875,None
GCF_001863695.1,1816,IC2,2,IC2
GCF_001863865.1,208,IC2,2,IC2
GCF_001863785.1,1345,None,878,None
GCF_001863745.1,1333,None,46,None
GCF_001863775.1,None,None,2,IC2
GCF_001863855.1,1806,IC2,2,IC2
GCF_001863905.1,195,IC2,2,IC2
GCF_001863815.1,784,None,2,IC2
GCF_001863835.1,1333,None,46,None
GCF_001863875.1,None,None,2,IC2
GCF_001863975.1,784,None,None,None
GCF_001863965.1,784,None,2,IC2
GCF_001863935.1,195,IC2,2,IC2
GCF_001863955.1,1806,IC2,2,IC2
GCF_001864035.1,195,IC2,2,IC2
GCF_001864015.1,208,IC2,2,IC2
GCF_001864095.1,1333,None,46,None
GCF_001864045.1,None,None,2,IC2
GCF_001864065.1,784,None,2,IC2
GCF_001864115.1,784,None,2,IC2
GCF_001864155.1,1332,None,46,None
GCF_001864195.1,195,IC2,2,IC2
GCF_001864165.1,1333,None,46,None
GCF_001864125.1,784,None,2,IC2
GCF_001864235.1,1333,None,46,None
GCF_001864205.1,704,None,68,None
GCF_001864245.1,704,None,68,None
GCF_001864285.1,381,None,2,IC2
GCF_001864355.1,1333,None,46,None
GCF_001864305.1,547,None,2,IC2
GCF_001864315.1,547,None,2,IC2
GCF_001864375.1,381,None,2,IC2
GCF_001864385.1,381,None,2,IC2
GCF_001864435.1,1333,None,46,None
GCF_001864395.1,208,IC2,2,IC2
GCF_001864535.1,451,IC2,None,None
GCF_001864465.1,1333,None,46,None
GCF_001864475.1,195,IC2,2,IC2
GCF_001864575.1,1346,None,879,None
GCF_001864555.1,642,IC8,23,IC8
GCF_001864455.1,None,None,2,IC2
GCF_001864565.1,1806,IC2,2,IC2
GCF_001864615.1,451,IC2,2,IC2
GCF_001864505.1,195,IC2,2,IC2
GCF_001864635.1,208,IC2,2,IC2
GCF_001864655.1,None,None,2,IC2
GCF_001864715.1,447,IC8,10,IC8
GCF_001864675.1,784,None,2,IC2
GCF_001864755.1,1806,IC2,2,IC2
GCF_001864795.1,547,None,2,IC2
GCF_001864815.1,None,None,2,IC2
GCF_001867335.1,None,None,279,None
GCF_001874685.1,124,IC5,79,IC5
GCF_001874765.1,1089,None,85,None
GCF_001874885.1,1089,None,85,None
GCF_001874945.1,1840,None,1,IC1
GCF_001874915.1,None,None,2,IC2
GCF_001887305.1,1806,IC2,2,IC2
GCF_001907125.1,1808,None,2,IC2
GCF_001917365.1,None,None,1207,None
GCF_001902375.1,368,IC2,2,IC2
GCF_001891205.1,None,None,920,None
GCF_001895985.1,1806,IC2,2,IC2
GCF_001895125.1,None,None,412,None
GCF_001907145.1,None,None,1,IC1
GCF_001910605.1,1816,IC2,2,IC2
GCF_001896005.1,1942,None,79,IC5
GCF_001910585.1,None,None,2,IC2
GCF_001909135.1,1816,IC2,2,IC2
GCF_001908295.1,447,IC8,10,IC8
GCF_001907155.1,1604,IC1,1,IC1
GCF_001910595.1,None,None,2,IC2
GCF_001910675.1,None,None,2,IC2
GCF_001910685.1,1816,IC2,2,IC2
GCF_001910665.1,1816,IC2,2,IC2
GCF_001910615.1,1816,IC2,2,IC2
GCF_001922205.1,1806,IC2,2,IC2
GCF_001922225.1,1806,IC2,2,IC2
GCF_001922425.2,758,None,156,IC5
GCF_001922245.1,1806,IC2,2,IC2
GCF_001922685.1,758,None,156,IC5
GCF_001922635.1,758,None,156,IC5
GCF_001922695.1,758,None,156,IC5
GCF_001922705.1,758,None,156,IC5
GCF_001922745.1,758,None,156,IC5
GCF_001922755.1,758,None,156,IC5
GCF_001939605.1,451,IC2,2,IC2
GCF_001923005.1,758,None,156,IC5
GCF_001936675.2,None,None,738,None
GCF_001939595.1,1956,None,2,IC2
GCF_001939665.1,1956,None,2,IC2
GCF_001950035.1,218,IC2,2,IC2
GCF_001941765.1,112,None,437,None
GCF_001949965.1,218,IC2,2,IC2
GCF_001949955.1,218,IC2,2,IC2
GCF_001949945.1,None,None,2,IC2
GCF_001950065.1,350,IC2,2,IC2
GCF_001949935.1,218,IC2,2,IC2
GCF_001950155.1,350,IC2,2,IC2
GCF_001950085.1,None,None,2,IC2
GCF_001950165.1,208,IC2,2,IC2
GCF_001950095.1,106,IC3,3,IC3
GCF_001950195.1,218,IC2,2,IC2
GCF_001950215.1,218,IC2,2,IC2
GCF_001950295.1,None,None,2,IC2
GCF_001950265.1,None,None,2,IC2
GCF_001950285.1,218,IC2,2,IC2
GCF_001950315.1,None,None,3,IC3
GCF_001951035.1,208,IC2,2,IC2
GCF_001997285.1,836,None,1168,None
GCF_001990765.1,None,None,834,None
GCF_002006635.1,1089,None,85,None
GCF_002006665.1,1089,None,85,None
GCF_002014105.1,1961,IC6,78,IC6
GCF_002006655.1,1089,None,85,None
GCF_002014175.1,350,IC2,2,IC2
GCF_002014155.1,350,IC2,None,None
GCF_002014245.1,281,IC2,2,IC2
GCF_002014165.1,None,None,248,None
GCF_002014195.1,1806,IC2,2,IC2
GCF_002014265.1,350,IC2,2,IC2
GCF_002014235.1,1806,IC2,2,IC2
GCF_002014315.1,1490,None,1195,None
GCF_002014275.1,1703,None,1088,None
GCF_002014355.1,350,IC2,2,IC2
GCF_002014325.1,None,None,250,IC3
GCF_002014345.1,310,None,406,None
GCF_002014395.1,348,IC2,2,IC2
GCF_002014405.1,348,IC2,2,IC2
GCF_002016735.1,281,IC2,2,IC2
GCF_002014435.1,1806,IC2,2,IC2
GCF_002014445.1,1806,IC2,2,IC2
GCF_002014475.1,417,None,2,IC2
GCF_002016655.1,1703,None,1088,None
GCF_002016745.1,417,None,2,IC2
GCF_002016775.1,350,IC2,2,IC2
GCF_002016825.1,1739,None,250,IC3
GCF_002016815.1,281,IC2,2,IC2
GCF_002016785.1,124,IC5,79,IC5
GCF_002016895.1,None,None,1175,None
GCF_002016915.1,208,IC2,2,IC2
GCF_002016935.1,350,IC2,2,IC2
GCF_002016865.1,1806,IC2,2,IC2
GCF_002016855.1,1800,None,406,None
GCF_002016955.1,350,IC2,2,IC2
GCF_002017035.1,350,IC2,2,IC2
GCF_002016975.1,1703,None,1088,None
GCF_002017115.1,281,IC2,2,IC2
GCF_002017055.1,208,IC2,2,IC2
GCF_002016985.1,124,IC5,79,IC5
GCF_002017095.1,281,IC2,2,IC2
GCF_002017065.1,281,IC2,2,IC2
GCF_002016995.1,1703,None,1088,None
GCF_002017105.1,350,IC2,2,IC2
GCF_002017175.1,1703,None,1088,None
GCF_002017125.1,1806,IC2,2,IC2
GCF_002017185.1,208,IC2,2,IC2
GCF_002017205.1,281,IC2,2,IC2
GCF_002017195.1,350,IC2,2,IC2
GCF_002017315.1,124,IC5,79,IC5
GCF_002017265.1,350,IC2,2,IC2
GCF_002017285.1,350,IC2,2,IC2
GCF_002017255.1,350,IC2,2,IC2
GCF_002017335.1,350,IC2,2,IC2
GCF_002017355.1,281,IC2,2,IC2
GCF_002017345.1,1806,IC2,2,IC2
GCF_002017395.1,281,IC2,2,IC2
GCF_002017415.1,1806,IC2,2,IC2
GCF_002017405.1,208,IC2,2,IC2
GCF_002017425.1,208,IC2,2,IC2
GCF_002017475.1,1806,IC2,2,IC2
GCF_002017515.1,350,IC2,2,IC2
GCF_002017555.1,417,None,2,IC2
GCF_002017485.1,447,IC8,10,IC8
GCF_002017525.1,1806,IC2,2,IC2
GCF_002017615.1,281,IC2,2,IC2
GCF_002017625.1,417,None,2,IC2
GCF_002017565.1,1703,None,1088,None
GCF_002017595.1,1703,None,1088,None
GCF_002017735.1,350,IC2,2,IC2
GCF_002017675.1,1806,IC2,2,IC2
GCF_002017685.1,1806,IC2,2,IC2
GCF_002017605.1,350,IC2,2,IC2
GCF_002017705.1,350,IC2,2,IC2
GCF_002017745.1,350,IC2,2,IC2
GCF_002017795.1,350,IC2,2,IC2
GCF_002017765.1,1806,IC2,2,IC2
GCF_002017805.1,1451,None,941,None
GCF_002018965.1,233,IC5,79,IC5
GCF_002018935.1,233,IC5,79,IC5
GCF_002018995.1,233,IC5,79,IC5
GCF_002019005.1,233,IC5,79,IC5
GCF_002019025.1,233,IC5,79,IC5
GCF_002019035.1,233,IC5,79,IC5
GCF_002028445.1,1806,IC2,2,IC2
GCF_002028485.1,208,IC2,2,IC2
GCF_002028535.1,1806,IC2,2,IC2
GCF_002072795.1,191,IC2,2,IC2
GCF_002028475.1,1806,IC2,2,IC2
GCF_002082625.1,None,None,2,IC2
GCF_002082745.1,357,None,2,IC2
GCF_002082685.1,None,None,2,IC2
GCF_002082645.1,208,IC2,2,IC2
GCF_002082665.1,958,None,433,IC2
GCF_002082725.1,357,None,2,IC2
GCF_002082825.1,491,IC1,1,IC1
GCF_002082805.1,447,IC8,10,IC8
GCF_002082705.1,None,None,2,IC2
GCF_002082785.1,229,IC7,25,IC7
GCF_002093815.1,None,None,2,IC2
GCF_002082885.1,191,IC2,2,IC2
GCF_002116925.1,931,None,52,None
GCF_002116575.1,1816,IC2,2,IC2
GCF_002085505.1,None,None,2,IC2
GCF_002082845.1,None,None,187,None
GCF_002082865.1,191,IC2,2,IC2
GCF_002119265.1,None,None,81,IC1
GCF_002119275.1,208,IC2,2,IC2
GCF_002119295.1,208,IC2,2,IC2
GCF_002119285.1,208,IC2,2,IC2
GCF_002119355.1,None,None,81,IC1
GCF_002136595.1,823,None,32,IC3
GCF_002136705.1,208,IC2,2,IC2
GCF_002136575.1,None,None,457,None
GCF_002136655.1,744,None,150,None
GCF_002136685.1,None,None,810,None
GCF_002136735.1,749,None,1048,None
GCF_002136675.1,944,IC6,78,IC6
GCF_002136615.1,350,IC2,2,IC2
GCF_002136605.1,310,None,406,None
GCF_002136745.1,208,IC2,2,IC2
GCF_002136755.1,None,None,64,None
GCF_002136815.1,None,None,142,None
GCF_002136775.1,1806,IC2,2,IC2
GCF_002136825.1,350,IC2,2,IC2
GCF_002136855.1,944,IC6,78,IC6
GCF_002136895.1,None,None,48,None
GCF_002136885.1,350,IC2,2,IC2
GCF_002136995.1,1752,None,464,None
GCF_002136935.1,208,IC2,2,IC2
GCF_002136955.1,753,None,494,None
GCF_002136965.1,1806,IC2,2,IC2
GCF_002137035.1,281,IC2,2,IC2
GCF_002137015.1,948,None,71,None
GCF_002137075.1,None,None,395,None
GCF_002137045.1,1806,IC2,2,IC2
GCF_002137115.1,1069,None,93,None
GCF_002137095.1,None,None,312,None
GCF_002137175.1,1037,None,64,None
GCF_002137145.1,None,None,744,None
GCF_002137185.1,1961,IC6,78,IC6
GCF_002137125.1,1037,None,64,None
GCF_002137225.1,281,IC2,2,IC2
GCF_002137215.1,128,None,49,None
GCF_002137285.1,1806,IC2,2,IC2
GCF_002137295.1,1806,IC2,2,IC2
GCF_002137265.1,None,None,498,None
GCF_002137345.1,208,IC2,2,IC2
GCF_002137255.1,None,None,848,None
GCF_002137365.1,1072,None,93,None
GCF_002137395.1,417,None,2,IC2
GCF_002137335.1,310,None,406,None
GCF_002137425.1,348,IC2,2,IC2
GCF_002137445.1,1806,IC2,2,IC2
GCF_002137415.1,1923,None,119,None
GCF_002137475.1,350,IC2,2,IC2
GCF_002137515.1,None,None,501,None
GCF_002137575.1,None,None,203,None
GCF_002137525.1,1806,IC2,2,IC2
GCF_002137565.1,281,IC2,2,IC2
GCF_002137495.1,124,IC5,79,IC5
GCF_002137555.1,350,IC2,2,IC2
GCF_002137645.1,128,None,49,None
GCF_002137615.1,1037,None,63,None
GCF_002137635.1,None,None,63,None
GCF_002137655.1,498,IC1,81,IC1
GCF_002137715.1,281,IC2,2,IC2
GCF_002137695.1,350,IC2,2,IC2
GCF_002137775.1,None,None,48,None
GCF_002137805.1,1121,None,63,None
GCF_002137755.1,447,IC8,10,IC8
GCF_002137795.1,208,IC2,2,IC2
GCF_002137725.1,None,None,126,None
GCF_002137815.1,1806,IC2,2,IC2
GCF_002137895.1,None,None,2,IC2
GCF_002137885.1,1069,None,93,None
GCF_002137875.1,208,IC2,2,IC2
GCF_002137855.1,1638,None,119,None
GCF_002137995.1,281,IC2,2,IC2
GCF_002138005.1,1806,IC2,2,IC2
GCF_002137955.1,744,None,150,None
GCF_002137935.1,2010,None,667,None
GCF_002137945.1,None,None,203,None
GCF_002138035.1,350,IC2,2,IC2
GCF_002138055.1,1627,None,32,IC3
GCF_002138065.1,944,IC6,78,IC6
GCF_002138115.1,1806,IC2,2,IC2
GCF_002138105.1,1760,None,25,IC7
GCF_002138095.1,1030,None,248,None
GCF_002138155.1,128,None,49,None
GCF_002138175.1,1008,None,669,None
GCF_002138165.1,350,IC2,2,IC2
GCF_002138215.1,1806,IC2,2,IC2
GCF_002138245.1,350,IC2,2,IC2
GCF_002138235.1,2010,None,667,None
GCF_002138225.1,1030,None,744,None
GCF_002138305.1,417,None,2,IC2
GCF_002138295.1,281,IC2,2,IC2
GCF_002142735.1,749,None,1048,None
GCF_002138315.1,281,IC2,2,IC2
GCF_002142945.1,1056,None,509,None
GCF_002138345.1,1806,IC2,2,IC2
GCF_002138375.1,1806,IC2,2,IC2
GCF_002142955.1,350,IC2,2,IC2
GCF_002142995.1,1806,IC2,2,IC2
GCF_002142935.1,350,IC2,2,IC2
GCF_002143015.1,350,IC2,2,IC2
GCF_002143025.1,1037,None,1173,None
GCF_002143035.1,350,IC2,2,IC2
GCF_002143105.1,350,IC2,2,IC2
GCF_002143045.1,350,IC2,2,IC2
GCF_002143095.1,350,IC2,2,IC2
GCF_002143135.1,1037,None,64,None
GCF_002143145.1,124,IC5,79,IC5
GCF_002143175.1,1034,None,667,None
GCF_002143185.1,None,None,39,None
GCF_002143235.1,1839,IC2,2,IC2
GCF_002143195.1,1806,IC2,2,IC2
GCF_002143255.1,1030,None,93,None
GCF_002143275.1,1703,None,1088,None
GCF_002143265.1,1806,IC2,2,IC2
GCF_002143315.1,1806,IC2,2,IC2
GCF_002143345.1,1451,None,941,None
GCF_002143335.1,350,IC2,2,IC2
GCF_002143375.1,310,None,406,None
GCF_002143395.1,1806,IC2,2,IC2
GCF_002143415.1,1348,None,93,None
GCF_002143425.1,208,IC2,2,IC2
GCF_002143405.1,350,IC2,2,IC2
GCF_002143475.1,744,None,150,None
GCF_002143495.1,1806,IC2,2,IC2
GCF_002143505.1,1030,None,93,None
GCF_002143515.1,None,None,64,None
GCF_002143595.1,None,None,1176,None
GCF_002143575.1,208,IC2,2,IC2
GCF_002143605.1,930,None,32,IC3
GCF_002143625.1,350,IC2,2,IC2
GCF_002143555.1,1806,IC2,2,IC2
GCF_002143655.1,208,IC2,2,IC2
GCF_002143725.1,None,None,48,None
GCF_002143715.1,208,IC2,2,IC2
GCF_002143675.1,350,IC2,2,IC2
GCF_002143685.1,1806,IC2,2,IC2
GCF_002143755.1,310,None,406,None
GCF_002143775.1,1806,IC2,2,IC2
GCF_002143835.1,848,IC2,2,IC2
GCF_002143795.1,208,IC2,2,IC2
GCF_002143785.1,350,IC2,2,IC2
GCF_002143855.1,447,IC8,10,IC8
GCF_002143875.1,930,None,32,IC3
GCF_002143885.1,None,None,973,None
GCF_002143895.1,None,None,396,None
GCF_002143955.1,None,None,216,None
GCF_002143935.1,208,IC2,2,IC2
GCF_002144685.1,350,IC2,2,IC2
GCF_002143965.1,207,IC1,1,IC1
GCF_002143975.1,993,IC7,25,IC7
GCF_002144695.1,1739,None,250,IC3
GCF_002144015.1,1034,None,667,None
GCF_002144035.1,None,None,396,None
GCF_002144755.1,208,IC2,2,IC2
GCF_002144765.1,1739,None,250,IC3
GCF_002144725.1,208,IC2,2,IC2
GCF_002144795.1,None,None,412,None
GCF_002144805.1,718,None,150,None
GCF_002144845.1,1605,None,1141,None
GCF_002144885.1,None,None,1174,None
GCF_002144835.1,128,None,49,None
GCF_002144915.1,1020,None,395,None
GCF_002144955.1,823,None,32,IC3
GCF_002144875.1,None,None,1169,None
GCF_002144965.1,447,IC8,10,IC8
GCF_002144925.1,124,IC5,79,IC5
GCF_002144975.1,281,IC2,2,IC2
GCF_002145035.1,417,None,2,IC2
GCF_002144995.1,1728,None,221,None
GCF_002145055.1,1806,IC2,2,IC2
GCF_002145095.1,1739,None,250,IC3
GCF_002145115.1,417,None,2,IC2
GCF_002145065.1,1806,IC2,2,IC2
GCF_002145125.1,1703,None,1088,None
GCF_002145195.1,1806,IC2,2,IC2
GCF_002145175.1,350,IC2,2,IC2
GCF_002145255.1,1078,None,85,None
GCF_002145265.1,None,None,795,None
GCF_002145235.1,1030,None,93,None
GCF_002145315.1,1037,None,63,None
GCF_002145375.1,447,IC8,10,IC8
GCF_002145355.1,None,None,795,None
GCF_002145415.1,None,None,1175,None
GCF_002145395.1,None,None,505,None
GCF_002145435.1,350,IC2,2,IC2
GCF_002148735.1,1002,None,11,None
GCF_002148745.1,None,None,1165,None
GCF_002148725.1,1806,IC2,2,IC2
GCF_002154155.1,281,IC2,187,None
GCF_002150485.1,1604,IC1,1,IC1
GCF_002150405.1,106,IC3,3,IC3
GCF_002154215.1,281,IC2,2,IC2
GCF_002158945.1,None,None,214,None
GCF_002161975.1,948,None,71,None
GCF_002161985.1,1030,None,93,None
GCF_002166815.1,None,None,1264,None
GCF_002182345.1,124,IC5,79,IC5
GCF_002182365.1,208,IC2,2,IC2
GCF_002182385.1,1701,None,2,IC2
GCF_002182425.1,208,IC2,2,IC2
GCF_002182405.1,447,IC8,10,IC8
GCF_002182445.1,281,IC2,2,IC2
GCF_002182505.1,1806,IC2,2,IC2
GCF_002182465.1,1728,None,221,None
GCF_002182545.1,208,IC2,2,IC2
GCF_002182605.1,1806,IC2,2,IC2
GCF_002182485.1,1703,None,1088,None
GCF_002182625.1,350,IC2,2,IC2
GCF_002182615.1,1806,IC2,2,IC2
GCF_002182645.1,1806,IC2,2,IC2
GCF_002182695.1,350,IC2,2,IC2
GCF_002182685.1,124,IC5,79,IC5
GCF_002182725.1,350,IC2,2,IC2
GCF_002182705.1,350,IC2,2,IC2
GCF_002182785.1,350,IC2,2,IC2
GCF_002182765.1,208,IC2,2,IC2
GCF_002182795.1,350,IC2,2,IC2
GCF_002182805.1,350,IC2,2,IC2
GCF_002182875.1,1806,IC2,2,IC2
GCF_002182895.1,1806,IC2,2,IC2
GCF_002182865.1,208,IC2,2,IC2
GCF_002182845.1,350,IC2,2,IC2
GCF_002182955.1,1806,IC2,2,IC2
GCF_002182945.1,None,None,79,IC5
GCF_002182925.1,350,IC2,2,IC2
GCF_002182965.1,1806,IC2,2,IC2
GCF_002183005.1,1739,None,250,IC3
GCF_002183025.1,208,IC2,2,IC2
GCF_002183035.1,350,IC2,2,IC2
GCF_002183085.1,281,IC2,2,IC2
GCF_002183045.1,None,None,250,IC3
GCF_002183105.1,None,None,250,IC3
GCF_002183115.1,281,IC2,2,IC2
GCF_002183195.1,2057,None,2,IC2
GCF_002183165.1,281,IC2,2,IC2
GCF_002183125.1,None,None,250,IC3
GCF_002183185.1,208,IC2,2,IC2
GCF_002183265.1,281,IC2,2,IC2
GCF_002183245.1,1806,IC2,2,IC2
GCF_002183345.1,417,None,2,IC2
GCF_002183215.1,1806,IC2,2,IC2
GCF_002183285.1,281,IC2,2,IC2
GCF_002183365.1,208,IC2,2,IC2
GCF_002183275.1,1806,IC2,2,IC2
GCF_002183325.1,1806,IC2,2,IC2
GCF_002183435.1,281,IC2,2,IC2
GCF_002183355.1,1806,IC2,2,IC2
GCF_002183425.1,1739,None,250,IC3
GCF_002183405.1,350,IC2,2,IC2
GCF_002183445.1,417,None,2,IC2
GCF_002183505.1,124,IC5,79,IC5
GCF_002183485.1,208,IC2,2,IC2
GCF_002183515.1,106,IC3,3,IC3
GCF_002183555.1,1806,IC2,2,IC2
GCF_002183545.1,208,IC2,2,IC2
GCF_002183585.1,1806,IC2,2,IC2
GCF_002183595.1,281,IC2,2,IC2
GCF_002183635.1,1806,IC2,2,IC2
GCF_002183625.1,350,IC2,2,IC2
GCF_002183665.1,1806,IC2,2,IC2
GCF_002183705.1,350,IC2,2,IC2
GCF_002183675.1,None,None,48,None
GCF_002183725.1,350,IC2,2,IC2
GCF_002183735.1,208,IC2,2,IC2
GCF_002183785.1,1806,IC2,2,IC2
GCF_002183765.1,1806,IC2,2,IC2
GCF_002183815.1,1806,IC2,2,IC2
GCF_002183805.1,350,IC2,2,IC2
GCF_002183855.1,350,IC2,2,IC2
GCF_002183845.1,1806,IC2,2,IC2
GCF_002183875.1,208,IC2,2,IC2
GCF_002183905.1,1806,IC2,2,IC2
GCF_002183975.1,1806,IC2,2,IC2
GCF_002183955.1,281,IC2,2,IC2
GCF_002183945.1,1806,IC2,2,IC2
GCF_002183925.1,447,IC8,10,IC8
GCF_002184035.1,281,IC2,2,IC2
GCF_002184025.1,350,IC2,2,IC2
GCF_002184005.1,350,IC2,2,IC2
GCF_002184055.1,208,IC2,2,IC2
GCF_002184105.1,208,IC2,2,IC2
GCF_002184085.1,1806,IC2,2,IC2
GCF_002184265.1,208,IC2,2,IC2
GCF_002184285.1,2057,None,2,IC2
GCF_002184275.1,None,None,79,IC5
GCF_002184325.1,310,None,406,None
GCF_002184335.1,1800,None,406,None
GCF_002184385.1,350,IC2,2,IC2
GCF_002184365.1,124,IC5,79,IC5
GCF_002184565.1,350,IC2,2,IC2
GCF_002184605.1,417,None,2,IC2
GCF_002197745.1,919,None,622,None
GCF_002212155.1,1286,None,2,IC2
GCF_002210065.1,781,IC1,1,IC1
GCF_002212115.1,1286,None,2,IC2
GCF_002212225.1,884,None,113,None
GCF_002212165.1,None,None,2,IC2
GCF_002212245.1,195,IC2,2,IC2
GCF_002212325.1,1816,IC2,None,None
GCF_002212305.1,195,IC2,2,IC2
GCF_002212235.1,1816,IC2,2,IC2
GCF_002212315.1,195,IC2,2,IC2
GCF_002212365.1,1816,IC2,2,IC2
GCF_002212385.1,None,None,2,IC2
GCF_002212285.1,None,None,2,IC2
GCF_002212405.1,218,IC2,2,IC2
GCF_002212445.1,1816,IC2,2,IC2
GCF_002212485.1,1816,IC2,2,IC2
GCF_002212465.1,1816,IC2,2,IC2
GCF_002212525.1,195,IC2,2,IC2
GCF_002212565.1,1816,IC2,2,IC2
GCF_002212625.1,557,IC2,2,IC2
GCF_002212605.1,1816,IC2,2,IC2
GCF_002212535.1,None,None,2,IC2
GCF_002212635.1,1806,IC2,2,IC2
GCF_002212705.1,1816,IC2,2,IC2
GCF_002212685.1,1839,IC2,2,IC2
GCF_002212715.1,1839,IC2,2,IC2
GCF_002239735.1,451,IC2,2,IC2
GCF_002238075.1,556,None,2,IC2
GCF_002239865.1,208,IC2,2,IC2
GCF_002237955.1,208,IC2,2,IC2
GCF_002239725.1,355,None,16,None
GCF_002249135.1,451,IC2,2,IC2
GCF_002239885.1,1933,None,2,IC2
GCF_002241105.1,195,IC2,2,IC2
GCF_002249185.1,451,IC2,2,IC2
GCF_002245665.1,405,None,1,IC1
GCF_002241095.1,195,IC2,None,None
GCF_002245595.1,231,IC1,1,IC1
GCF_002249245.1,451,IC2,2,IC2
GCF_002249265.1,368,IC2,2,IC2
GCF_002249255.1,1933,None,2,IC2
GCF_002249305.1,1933,None,2,IC2
GCF_002249225.1,368,IC2,2,IC2
GCF_002249325.1,1933,None,2,IC2
GCF_002249335.1,208,IC2,2,IC2
GCF_002249365.1,806,None,215,None
GCF_002249385.1,1933,None,2,IC2
GCF_002249425.1,208,IC2,2,IC2
GCF_002249405.1,451,IC2,2,IC2
GCF_002249475.1,None,None,571,IC2
GCF_002249435.1,None,None,215,None
GCF_002249545.1,1933,None,2,IC2
GCF_002249465.1,208,IC2,2,IC2
GCF_002249585.1,1933,None,2,IC2
GCF_002249525.1,451,IC2,2,IC2
GCF_002249505.1,1806,IC2,2,IC2
GCF_002249605.1,1809,None,2,IC2
GCF_002251565.1,1038,None,640,None
GCF_002249655.1,208,IC2,2,IC2
GCF_002250465.1,783,None,730,IC5
GCF_002261505.1,195,IC2,2,IC2
GCF_002277225.1,208,IC2,2,IC2
GCF_002277215.1,1806,IC2,2,IC2
GCF_002265675.1,195,IC2,2,IC2
GCF_002277175.1,208,IC2,2,IC2
GCF_002277145.1,1806,IC2,2,IC2
GCF_002277185.1,1806,IC2,2,IC2
GCF_002265555.1,128,None,49,None
GCF_002261535.1,440,IC7,307,None
GCF_002277235.1,1806,IC2,2,IC2
GCF_002277315.1,1806,IC2,2,IC2
GCF_002277285.1,1806,IC2,2,IC2
GCF_002277275.1,208,IC2,2,IC2
GCF_002277325.1,208,IC2,2,IC2
GCF_002277355.1,208,IC2,2,IC2
GCF_002277365.1,208,IC2,2,IC2
GCF_002277385.1,208,IC2,2,IC2
GCF_002277435.1,208,IC2,2,IC2
GCF_002277405.1,1806,IC2,2,IC2
GCF_002277445.1,208,IC2,2,IC2
GCF_002277485.1,208,IC2,2,IC2
GCF_002277505.1,1806,IC2,2,IC2
GCF_002277515.1,208,IC2,2,IC2
GCF_002277455.1,208,IC2,2,IC2
GCF_002277535.1,1806,IC2,2,IC2
GCF_002277575.1,1806,IC2,2,IC2
GCF_002277585.1,1806,IC2,2,IC2
GCF_002277605.1,1806,IC2,2,IC2
GCF_002277635.1,1806,IC2,2,IC2
GCF_002277675.1,1806,IC2,2,IC2
GCF_002277655.1,1806,IC2,2,IC2
GCF_002416325.1,106,IC3,3,IC3
GCF_002367895.1,None,None,294,None
GCF_002411775.1,1418,None,164,None
GCF_002288625.1,231,IC1,1,IC1
GCF_002277705.1,208,IC2,2,IC2
GCF_002416345.1,449,IC1,20,IC1
GCF_002416375.1,449,IC1,20,IC1
GCF_002416395.1,208,IC2,2,IC2
GCF_002416365.1,106,IC3,3,IC3
GCF_002277715.1,208,IC2,2,IC2
GCF_002416435.1,208,IC2,2,IC2
GCF_002416425.1,1806,IC2,2,IC2
GCF_002443275.1,None,None,200,None
GCF_002416475.1,449,IC1,20,IC1
GCF_002504145.1,1469,None,138,IC7
GCF_002573725.1,1422,None,923,None
GCF_002573735.1,1433,None,927,None
GCF_002573795.1,761,None,23,IC8
GCF_002573825.1,1453,None,240,None
GCF_002573815.1,None,None,821,None
GCF_002573895.1,1454,None,690,None
GCF_002573875.1,None,None,1179,None
GCF_002573905.1,1447,None,938,None
GCF_002573805.1,229,IC7,25,IC7
GCF_002573915.1,819,None,138,IC7
GCF_002634315.1,704,None,68,None
GCF_002634325.1,None,None,2,IC2
GCF_002740745.1,1069,None,93,None
GCF_002740805.1,1069,None,93,None
GCF_002741415.1,None,None,1,IC1
GCF_002740735.1,1069,None,93,None
GCF_002760695.1,1089,None,85,None
GCF_002740775.1,1069,None,93,None
GCF_002753915.1,None,None,2,IC2
GCF_002740785.1,1069,None,93,None
GCF_002760715.1,1089,None,85,None
GCF_002760785.1,None,None,85,None
GCF_002760835.1,1089,None,85,None
GCF_002760845.1,1089,None,None,None
GCF_002761185.1,1030,None,93,None
GCF_002761575.1,208,IC2,2,IC2
GCF_002762095.1,None,None,2,IC2
GCF_002762155.1,1962,IC2,2,IC2
GCF_002762115.1,None,None,2,IC2
GCF_002762505.1,1956,None,2,IC2
GCF_002762535.1,1956,None,2,IC2
GCF_002762495.1,848,IC2,2,IC2
GCF_002762545.1,1956,None,2,IC2
GCF_002803025.1,1604,IC1,1,IC1
GCF_002834555.1,None,None,1207,None
GCF_002794295.1,1530,None,994,None
GCF_002803655.1,1052,IC2,2,IC2
GCF_002795345.1,1559,None,1064,None
GCF_002795375.1,1530,None,994,None
GCF_002811175.1,931,None,52,None
GCF_002836895.1,None,None,1207,None
GCF_002837035.1,1891,IC2,2,IC2
GCF_002837945.1,None,None,203,None
GCF_002837005.1,1891,IC2,2,IC2
GCF_002837985.1,1052,IC2,2,IC2
GCF_002927815.1,None,None,1397,None
GCF_002863545.1,1816,IC2,None,None
GCF_002843665.1,191,IC2,2,IC2
GCF_002863745.1,None,None,485,None
GCF_002902805.1,1037,None,64,None
GCF_002885855.1,None,None,286,None
GCF_002927805.1,447,IC8,10,IC8
GCF_002919905.1,None,None,212,None
GCF_002922935.1,1552,None,107,None
GCF_002927775.1,447,IC8,10,IC8
GCF_002927855.1,1588,None,25,IC7
GCF_002927865.1,1030,None,93,None
GCF_002927895.1,1590,None,1,IC1
GCF_002927935.1,1030,None,93,None
GCF_002927995.1,447,IC8,10,IC8
GCF_002928015.1,1587,None,106,None
GCF_002927915.1,758,None,156,IC5
GCF_002927965.1,229,IC7,25,IC7
GCF_002928075.1,1586,None,108,None
GCF_002928095.1,758,None,156,IC5
GCF_002928145.1,1325,None,77,None
GCF_002928135.1,758,None,156,IC5
GCF_002928195.1,1587,None,106,None
GCF_002928155.1,1589,None,267,None
GCF_002948475.1,1806,IC2,2,IC2
GCF_002950415.1,348,IC2,2,IC2
GCF_002948925.1,203,IC3,229,IC3
GCF_002947415.1,350,IC2,2,IC2
GCF_002950455.1,281,IC2,2,IC2
GCF_002950545.1,208,IC2,2,IC2
GCF_002950435.1,1557,None,46,None
GCF_002950495.1,1962,IC2,2,IC2
GCF_002950425.1,451,IC2,2,IC2
GCF_002950615.1,1806,IC2,2,IC2
GCF_002950525.1,1809,None,2,IC2
GCF_002947845.1,205,IC5,79,IC5
GCF_002950515.1,451,IC2,2,IC2
GCF_002950595.1,208,IC2,2,IC2
GCF_002950625.1,208,IC2,2,IC2
GCF_002950655.1,1806,IC2,2,IC2
GCF_002950725.1,208,IC2,2,IC2
GCF_002950715.1,208,IC2,2,IC2
GCF_002950675.1,208,IC2,2,IC2
GCF_002950755.1,208,IC2,2,IC2
GCF_002950855.1,208,IC2,2,IC2
GCF_002950815.1,208,IC2,2,IC2
GCF_002950825.1,208,IC2,2,IC2
GCF_002950795.1,1806,IC2,2,IC2
GCF_002950895.1,281,IC2,2,IC2
GCF_002950925.1,281,IC2,2,IC2
GCF_002950915.1,1806,IC2,2,IC2
GCF_002950975.1,208,IC2,2,IC2
GCF_002950995.1,1806,IC2,2,IC2
GCF_002951015.1,208,IC2,2,IC2
GCF_002951155.1,1806,IC2,2,IC2
GCF_002951175.1,1806,IC2,2,IC2
GCF_002951095.1,451,IC2,2,IC2
GCF_002951135.1,208,IC2,2,IC2
GCF_002951055.1,208,IC2,2,IC2
GCF_002951075.1,208,IC2,2,IC2
GCF_002951315.1,208,IC2,2,IC2
GCF_002951295.1,958,None,433,IC2
GCF_002951215.1,281,IC2,2,IC2
GCF_002951375.1,1806,IC2,2,IC2
GCF_002951345.1,281,IC2,2,IC2
GCF_002951275.1,208,IC2,2,IC2
GCF_002951335.1,208,IC2,2,IC2
GCF_002951255.1,281,IC2,2,IC2
GCF_002951235.1,1806,IC2,2,IC2
GCF_002951415.1,1806,IC2,2,IC2
GCF_002951435.1,208,IC2,2,IC2
GCF_900011285.1,585,IC8,10,IC8
GCF_900010325.1,493,None,570,IC2
GCF_900010465.1,1851,None,2,IC2
GCF_900011305.1,1851,None,2,IC2
GCF_900019965.1,1567,None,1,IC1
GCF_900011295.1,931,None,52,None
GCF_900011275.1,355,None,16,None
GCF_900020545.1,1567,None,1,IC1
GCF_900019975.1,1567,None,1,IC1
GCF_900029355.1,1567,None,1,IC1
GCF_900029365.1,1567,None,1,IC1
GCF_900029375.1,1567,None,1,IC1
GCF_900043985.1,1567,None,1,IC1
GCF_900080165.1,None,None,838,None
GCF_900067075.1,1567,None,1,IC1
GCF_900042755.1,1567,None,1,IC1
GCF_900043995.1,1567,None,1,IC1
GCF_900088705.1,1851,None,2,IC2
GCF_900031715.1,1567,None,1,IC1
GCF_900093475.1,None,None,494,None
GCF_900110525.1,1034,None,667,None
GCF_900117405.1,195,IC2,2,IC2
GCF_900117505.1,1806,IC2,2,IC2
GCF_900117475.1,1806,IC2,2,IC2
GCF_900117495.1,1806,IC2,2,IC2
GCF_900117485.1,1806,IC2,2,IC2
GCF_900117545.1,1806,IC2,2,IC2
GCF_900117525.1,1806,IC2,2,IC2
GCF_900117535.1,1806,IC2,2,IC2
GCF_900117515.1,1806,IC2,2,IC2
GCF_900117555.1,1806,IC2,2,IC2
GCF_900117575.1,1806,IC2,2,IC2
GCF_900117565.1,208,IC2,2,IC2
GCF_900117605.1,1806,IC2,2,IC2
GCF_900117595.1,1806,IC2,2,IC2
GCF_900117585.1,1806,IC2,2,IC2
GCF_900117625.1,1806,IC2,2,IC2
GCF_900117615.1,1806,IC2,2,IC2
GCF_900117655.1,1806,IC2,2,IC2
GCF_900117685.1,1806,IC2,2,IC2
GCF_900117635.1,1806,IC2,2,IC2
GCF_900117645.1,1806,IC2,2,IC2
GCF_900117675.1,1806,IC2,2,IC2
GCF_900117665.1,1806,IC2,2,IC2
GCF_900117695.1,1806,IC2,2,IC2
GCF_900117705.1,208,IC2,2,IC2
GCF_900117715.1,1806,IC2,2,IC2
GCF_900117735.1,1806,IC2,2,IC2
GCF_900117755.1,208,IC2,2,IC2
GCF_900117725.1,208,IC2,2,IC2
GCF_900117805.1,1806,IC2,2,IC2
GCF_900117775.1,1806,IC2,2,IC2
GCF_900117795.1,1806,IC2,2,IC2
GCF_900117745.1,1806,IC2,2,IC2
GCF_900117765.1,1806,IC2,2,IC2
GCF_900117835.1,1806,IC2,2,IC2
GCF_900117845.1,208,IC2,2,IC2
GCF_900117815.1,1806,IC2,2,IC2
GCF_900117865.1,1806,IC2,2,IC2
GCF_900117855.1,1806,IC2,2,IC2
GCF_900117825.1,208,IC2,2,IC2
GCF_900117885.1,208,IC2,2,IC2
GCF_900117905.1,1806,IC2,2,IC2
GCF_900117895.1,1806,IC2,2,IC2
GCF_900117875.1,1806,IC2,2,IC2
GCF_900117935.1,1806,IC2,2,IC2
GCF_900117915.1,1806,IC2,2,IC2
GCF_900117955.1,1806,IC2,2,IC2
GCF_900117925.1,208,IC2,2,IC2
GCF_900117975.1,1806,IC2,2,IC2
GCF_900117945.1,1806,IC2,2,IC2
GCF_900117995.1,1806,IC2,2,IC2
GCF_900118035.1,1806,IC2,2,IC2
GCF_900117985.1,208,IC2,2,IC2
GCF_900118005.1,1806,IC2,2,IC2
GCF_900118025.1,1806,IC2,2,IC2
GCF_900117965.1,None,None,2,IC2
GCF_900118015.1,1806,IC2,2,IC2
GCF_900118045.1,218,IC2,2,IC2
GCF_900118055.1,1166,None,98,None
GCF_900118065.1,208,IC2,2,IC2
GCF_900118075.1,1806,IC2,641,None
GCF_900118095.1,None,None,2,IC2
GCF_900118085.1,1806,IC2,2,IC2
GCF_900118105.1,1806,IC2,2,IC2
GCF_900118145.1,1806,IC2,2,IC2
GCF_900118115.1,1806,IC2,2,IC2
GCF_900118125.1,1806,IC2,2,IC2
GCF_900118135.1,1806,IC2,2,IC2
GCF_900118155.1,208,IC2,2,IC2
GCF_900119395.1,1816,IC2,2,IC2
GCF_900157405.1,1834,None,2,IC2
GCF_900157395.1,1051,None,575,None
GCF_900161875.1,944,IC6,78,IC6
GCF_900161885.1,944,IC6,78,IC6
GCF_900161905.1,1961,IC6,78,IC6
GCF_900161895.1,1961,IC6,78,IC6
GCF_900161925.1,944,IC6,78,IC6
GCF_900161935.1,944,IC6,78,IC6
GCF_900161915.1,1961,IC6,78,IC6
GCF_900161945.1,1961,IC6,78,IC6
GCF_900161965.1,1961,IC6,None,None
GCF_900161995.1,944,IC6,78,IC6
GCF_900162005.1,1961,IC6,78,IC6
GCF_900162015.1,944,IC6,78,IC6
GCF_900161985.1,1961,IC6,78,IC6
GCF_900161955.1,1961,IC6,78,IC6
GCF_900161975.1,944,IC6,78,IC6
GCF_900169915.1,1089,None,85,None
GCF_900175185.1,1816,IC2,2,IC2
GCF_900175195.1,1816,IC2,2,IC2
GCF_900176685.1,1089,None,85,None
GCF_900175175.1,1089,None,85,None
GCF_900176715.1,195,IC2,2,IC2
GCF_900240205.1,1604,IC1,1,IC1
GCF_900243925.1,499,None,158,None
BMBF-133,447,IC8,10,IC8
BMBF-129,438,IC4,84,IC4
BMBF-193,236,IC4,15,IC4
BMBF-185,124,IC5,79,IC5
BMBF-327,205,IC5,79,IC5
BMBF-332,229,IC7,25,IC7
BMBF-285,203,IC3,780,IC3
BMBF-335,227,IC5,79,IC5
BMBF-459,None,None,10,IC8
BMBF-416,490,IC7,25,IC7
BMBF-448,944,IC6,78,IC6
BMBF-467,1961,IC6,78,IC6
BMBF-484,203,IC3,229,IC3
BMBF-57,447,IC8,10,IC8
BMBF-69,229,IC7,25,IC7
BMBF-77,1115,IC4,15,IC4
BMBF-80,205,IC5,79,IC5
FCH35N5BBXX-wHAXPI020692,1604,IC1,1,IC1
FCH35N5BBXX-wHAXPI020693,448,IC2,2,IC2
FCH35N5BBXX-wHAXPI020694,514,None,103,None
FCH35N5BBXX-wHAXPI020695,1115,IC4,15,IC4
FCH35N5BBXX-wHAXPI020696,104,None,15,IC4
FCH35N5BBXX-wHAXPI020697,440,IC7,25,IC7
FCH35N5BBXX-wHAXPI020698,None,None,1,IC1
FCH35N5BBXX-wHAXPI020699,1115,IC4,15,IC4
FCH35N5BBXX-wHAXPI020700,1834,None,2,IC2
FCH35N5BBXX-wHAXPI020701,None,None,2,IC2
